date,equal_weight,inverse_volatility,deepseek_allocation
2021-04-30,100.0,100.0,100.0
2021-05-03,100.30462092128057,100.29580384064539,100.30486849552805
2021-05-04,99.55809861852426,99.61418404348542,99.56245670419688
2021-05-05,99.5790611250969,99.62084986984107,99.58561636956486
2021-05-06,100.25887437307262,100.3190992220791,100.26729469263557
2021-05-07,101.0529313339112,101.0688829971799,101.06083298578491
2021-05-10,100.05674526069414,100.22338413068827,100.06967667002888
2021-05-11,99.31401112842256,99.43990199507655,99.323638828797
2021-05-12,96.96587046244403,97.18789895897362,96.97737150926305
2021-05-13,98.1096276614443,98.36332921820667,98.12412906233587
2021-05-14,99.58695717825354,99.75378306539565,99.59914653174218
2021-05-17,99.27594996957708,99.42577402215352,99.28943758498619
2021-05-18,98.51900854330502,98.7012231271655,98.53133524338195
2021-05-19,98.31420634823073,98.47362952684144,98.32573210783728
2021-05-20,99.61944384593954,99.74916563513825,99.6281452492513
2021-05-21,99.5562268524144,99.67205324439618,99.566234193032
2021-05-24,100.45215663290377,100.49911677615657,100.45953164002215
2021-05-25,100.13570867670174,100.17878083917176,100.1411596067677
2021-05-26,100.48215821764444,100.46408932988905,100.4865085449363
2021-05-27,100.85783776006102,100.76806225389566,100.86200541240538
2021-05-28,100.91522552627407,100.86552514833852,100.91940389306268
2021-06-01,100.99258208574054,100.84164925542521,100.99540963058283
2021-06-02,101.20713840298265,101.09329881715584,101.21195274656856
2021-06-03,100.97241699950072,100.88926163567587,100.97987929305185
2021-06-04,101.82267156921262,101.73362018660072,101.82833592438652
2021-06-07,101.76822845843238,101.67974785681713,101.77249070756343
2021-06-08,101.66798858169625,101.57594255137573,101.67203154355434
2021-06-09,101.3162442146903,101.30678959215388,101.31946902028002
2021-06-10,101.62977077588951,101.70355676603992,101.63092054511219
2021-06-11,101.85547991099584,101.88172021397364,101.85695347322795
2021-06-14,101.65596437164163,101.74705527904298,101.65407778224892
2021-06-15,101.419492324707,101.50125047177565,101.42124675964786
2021-06-16,100.70480355511098,100.75882023903918,100.7037771246902
2021-06-17,100.21145799221893,100.39060122075762,100.20495446574942
2021-06-18,98.7747270885166,98.98739853614734,98.7649183033679
2021-06-21,100.26668434407566,100.44946336537642,100.25812589357592
2021-06-22,100.67557947623419,100.84910774925638,100.6638844530035
2021-06-23,100.62191118122637,100.71062988727923,100.60812059006793
2021-06-24,101.47113277134827,101.51784959949282,101.45632780330556
2021-06-25,102.05070149362444,102.13395270377015,102.03604199894764
2021-06-28,102.21006978361272,102.31053004898767,102.19324595431374
2021-06-29,102.18612416481497,102.28876667631936,102.16691789326505
2021-06-30,102.26971545495688,102.34142824545857,102.25172058271868
2021-07-01,102.71312583170692,102.81979280435093,102.69597464987982
2021-07-02,103.12199888345177,103.28869304993826,103.11043348331674
2021-07-06,102.4319016137183,102.70804438076155,102.42751310041027
2021-07-07,102.61612489008657,102.9818164987122,102.61715937379266
2021-07-08,101.65823500933732,102.06830394718828,101.66179231949926
2021-07-09,103.01314189829058,103.30404398066645,103.00906055282513
2021-07-12,103.4921611250646,103.69774757057903,103.48385412245358
2021-07-13,102.87413700250329,103.16069489942426,102.87181222538554
2021-07-14,102.79918220389811,103.17386192367194,102.80116337610598
2021-07-15,102.55188489500664,102.95671469727851,102.55407402621447
2021-07-16,101.83812341327463,102.35758566627297,101.84556439111836
2021-07-19,100.51090468310952,101.07009507029375,100.52021035730303
2021-07-20,102.10512397712851,102.54131030106662,102.10785856966766
2021-07-21,103.05107154563721,103.34705747170813,103.04735920914855
2021-07-22,102.94785465186155,103.3156833309539,102.94912058481468
2021-07-23,103.8743396565971,104.28011406062265,103.88068597113173
2021-07-26,104.09468595321295,104.44038720183741,104.09761566885692
2021-07-27,103.657938748703,104.0986216166095,103.66442207548506
2021-07-28,103.80737989680621,104.17309829820064,103.81038628685496
2021-07-29,104.46222436354915,104.77895049022968,104.46208827035763
2021-07-30,104.09755097644305,104.46699266973694,104.09995504059279
2021-08-02,103.9595439918536,104.32026005247194,103.95185509152554
2021-08-03,104.92283450479707,105.23310856915194,104.9234407673931
2021-08-04,104.32600429726187,104.65043444598388,104.2684936485993
2021-08-05,105.0295875424257,105.28878301358709,104.94941784586162
2021-08-06,105.36048537235351,105.55428464025805,105.29368002777366
2021-08-09,105.53277270909975,105.67074065944912,105.39794244147345
2021-08-10,105.78267052635711,105.87082946012566,105.67169927413549
2021-08-11,106.01520197615244,106.10762738758638,105.94341700234492
2021-08-12,106.02278375266901,106.13359941953804,105.9114576125641
2021-08-13,106.08956455532069,106.28399058149647,105.99958349668124
2021-08-16,106.15155631523756,106.46822310319385,106.10610259951807
2021-08-17,105.40736843409275,105.83550575456977,105.3335698134866
2021-08-18,104.31928818281854,104.70791423468819,104.22861142270122
2021-08-19,104.07815075624552,104.60860610592977,103.99564956430147
2021-08-20,104.86396116712406,105.40761449723378,104.78519517241283
2021-08-23,105.80673733221468,106.20998116099102,105.69308905535557
2021-08-24,106.1000762814608,106.39997035517848,105.9954150943052
2021-08-25,106.48489442642772,106.70990033897513,106.37055606303792
2021-08-26,105.76161761614149,106.00391502345643,105.61921487063631
2021-08-27,106.7833461618938,106.94789560166028,106.65015124493401
2021-08-30,106.78894521814219,107.02740710925575,106.65071340130115
2021-08-31,106.59300365252645,106.83790908132178,106.46177920747351
2021-09-01,106.5148087669071,106.81714268764063,106.34075551621804
2021-09-02,106.98474616047974,107.27105556964473,106.80641026739039
2021-09-03,106.8720662697394,107.15846363413974,106.66365090351182
2021-09-07,106.19170358062755,106.38538651345709,105.9642373308361
2021-09-08,105.95942781648532,106.27116660759557,105.72687266242583
2021-09-09,105.69255370022957,105.91726112390546,105.44010424109554
2021-09-10,105.05799593238869,105.29454644546072,104.80807979162641
2021-09-13,105.3052945667082,105.47317947342293,105.10479744782691
2021-09-14,104.5661370005752,104.77586394299522,104.34707376972293
2021-09-15,105.54797438274129,105.67603180399247,105.33169409751088
2021-09-16,105.36909431522648,105.47778302131661,105.1447923355764
2021-09-17,104.51697137052527,104.6154428351368,104.28739305087399
2021-09-20,102.65950135642551,102.90135715043618,102.43872736318313
2021-09-21,102.49402866686188,102.74150186226228,102.24765376961881
2021-09-22,103.48764591779688,103.63626525635081,103.21616035547358
2021-09-23,104.8256845460595,104.85937151883064,104.53510375658375
2021-09-24,104.88346682819957,104.89121198575418,104.59202324340261
2021-09-27,104.81773010943498,104.68586868071075,104.58268296923129
2021-09-28,102.90518740459598,102.82941128006185,102.70599027816188
2021-09-29,102.91966014615645,102.95455442722522,102.73599253860036
2021-09-30,101.68679020784646,101.74058520991915,101.47563873421758
2021-10-01,102.57432412417081,102.59265623853219,102.37962668303403
2021-10-04,101.52772846327814,101.5515124971025,101.35304096994672
2021-10-05,102.52661782126039,102.49795317144833,102.34569167901991
2021-10-06,102.60949387818809,102.6431696799394,102.40536334663908
2021-10-07,103.67031750621992,103.67882482464418,103.46676382477293
2021-10-08,103.48783499982828,103.47140128463295,103.30903768360136
2021-10-11,102.80809801443078,102.8176412295071,102.63318862194373
2021-10-12,102.64493278952042,102.66229776994612,102.42517938290067
2021-10-13,103.09558852504338,103.14793837477903,102.85816565599441
2021-10-14,104.88555840363696,104.90257340320863,104.65597911905643
2021-10-15,105.50918634247995,105.44681470908091,105.26681477313389
2021-10-18,105.82662813823482,105.73665624786929,105.55155571287
2021-10-19,106.54971591031106,106.49166180055568,106.28117647265951
2021-10-20,107.08739219574616,107.04371625126652,106.85370345637776
2021-10-21,107.32029428181201,107.32242419065531,107.05855061885572
2021-10-22,107.23503553827133,107.29716542360224,106.91811160483067
2021-10-25,107.90978244255413,107.85734165117393,107.53349263342596
2021-10-26,107.61955430698066,107.59352042172782,107.20399904602334
2021-10-27,106.3856778549193,106.39732704359179,105.9722687071593
2021-10-28,107.5730581799748,107.4945607894297,107.14912303851865
2021-10-29,107.8609548559426,107.81909790092679,107.43969009777095
2021-11-01,108.38121068700771,108.20364360920657,107.96234282344834
2021-11-02,108.74282452862745,108.6211603525019,108.33913783585909
2021-11-03,109.36514909130875,109.19465421736295,108.99128054387745
2021-11-04,109.56662598829713,109.46970988310511,109.2590879847886
2021-11-05,109.66382360465104,109.49796183091256,109.44364341522872
2021-11-08,109.89841521589172,109.7076180916483,109.68460920253406
2021-11-09,109.45615524895764,109.39384885370384,109.32712272095354
2021-11-10,108.80543693798728,108.81963224585175,108.66359183506239
2021-11-11,109.07291906401309,109.02887544219408,108.96896057583697
2021-11-12,109.76931235435352,109.75763381774541,109.68602818106784
2021-11-15,109.71409412598548,109.7353784899715,109.64556246448362
2021-11-16,109.94933068951126,109.97749094642485,109.8397747226332
2021-11-17,109.28108272235846,109.34406936636472,109.15708194165683
2021-11-18,109.09251271485263,109.15766100218136,108.95956598214856
2021-11-19,108.71894879947912,108.8620889426136,108.59505726573742
2021-11-22,108.77515598236249,108.80361686844839,108.67715723115181
2021-11-23,109.03151339071592,109.05454569813304,108.96462911277288
2021-11-24,109.28456769371233,109.30726771979147,109.19244626476807
2021-11-26,107.23637149586675,107.33882609085863,107.08611821233241
2021-11-29,108.27526321904475,108.34763538433523,108.08099504073078
2021-11-30,105.82464618138857,105.94372453533305,105.64724589498577
2021-12-01,104.55275046314381,104.77041482859718,104.42014677433762
2021-12-02,106.34685829427929,106.5510940006452,106.21915809215363
2021-12-03,105.47478426737047,105.83137920151037,105.43210129346944
2021-12-06,106.14463965299173,106.5867462173606,106.18328198672889
2021-12-07,108.36482135817536,108.62919168425273,108.37246292506624
2021-12-08,108.40407755338187,108.68077504804836,108.39547293723066
2021-12-09,107.51148283057596,107.8910776710576,107.54899481276134
2021-12-10,108.56377288402652,108.94328341647247,108.58359983177556
2021-12-13,107.73373426266038,108.30520784703522,107.71650865225506
2021-12-14,106.94660095335523,107.54363055563803,106.9763705189629
2021-12-15,108.74098670889303,109.30271667630103,108.74160588218778
2021-12-16,108.20588774501832,108.87021353937963,108.25917555917245
2021-12-17,107.03770570668895,107.69101962398649,107.09403287031819
2021-12-20,105.80198877939668,106.54932625823301,105.83725080943037
2021-12-21,107.65092413892756,108.26296787725681,107.73777531670694
2021-12-22,108.5829965368285,109.16179541577992,108.65100093468385
2021-12-23,109.33246155934307,109.86610144037542,109.4156154266139
2021-12-27,110.86551880573441,111.3631395632303,110.93567163072878
2021-12-28,110.6415105283359,111.21556735816604,110.74391207089913
2021-12-29,110.95220274952501,111.55740272514328,111.05960097882934
2021-12-30,110.70704113085961,111.34165966290817,110.81736917943815
2021-12-31,110.49630130657638,111.14186014109325,110.61101671895989
2022-01-03,110.72949124387793,111.24827927380224,110.92809838104336
2022-01-04,110.98425971889154,111.46185883328666,111.41236505533189
2022-01-05,108.86119421963076,109.4955462382723,109.57537599234634
2022-01-06,108.93382480386457,109.49294082769867,109.63735195361487
2022-01-07,108.42640787565404,109.00752664249691,109.26458768124259
2022-01-10,108.35999347858048,108.87751854206408,109.17289730811719
2022-01-11,109.22189357810772,109.67344013183252,110.00526646143716
2022-01-12,109.44523647863008,109.87148922933622,110.2031465428255
2022-01-13,108.10580113979739,108.6476936449331,109.19322011949302
2022-01-14,107.9856967455228,108.50594953900391,109.17220419532902
2022-01-18,106.00013875143411,106.65585633766989,107.23158159677892
2022-01-19,104.86260549948378,105.63168059604035,105.97666949591103
2022-01-20,103.58000877165843,104.3626103364823,104.63445691392505
2022-01-21,101.80600604346523,102.69855213279031,102.90306198378349
2022-01-24,102.32464703962916,103.2192323594179,103.41281739813023
2022-01-25,101.01091582780313,101.86836983656137,102.19185239497614
2022-01-26,100.43451573714638,101.1876079030574,101.50922531296487
2022-01-27,99.7405978729201,100.60285538001307,100.82217498352388
2022-01-28,102.03707433433075,102.92452668766938,103.03551223070497
2022-01-31,103.87916638897599,104.64875883259452,104.70948803532838
2022-02-01,104.46285812582403,105.1527702014384,105.2129854542574
2022-02-02,105.53031116909806,106.25076347222758,106.29235109497625
2022-02-03,103.46402154852407,104.2562315646283,104.48397740054324
2022-02-04,103.42657500527933,104.09806253661479,104.1172227884381
2022-02-07,103.29922340548555,103.96191211603764,104.09641191775657
2022-02-08,103.84986223667023,104.4791710715482,104.64921305578054
2022-02-09,105.68845816942708,106.22364457677313,106.32258234378067
2022-02-10,103.73417471522924,104.23567394833091,104.45194525817696
2022-02-11,101.9006874306211,102.5447160393558,102.9474029302431
2022-02-14,101.2157578162766,101.88462517488867,102.23888059032629
2022-02-15,102.84455506946034,103.38372916700368,103.71808784624929
2022-02-16,102.84754475031772,103.35597213053686,103.68721769753458
2022-02-17,100.67652596996206,101.35312496444246,101.83100936707112
2022-02-18,100.01890920175487,100.76764512539589,101.27215942504779
2022-02-22,98.89399066755892,99.67475460648458,100.1521156413753
2022-02-23,97.32282961803104,98.15823501483409,98.71675347643068
2022-02-24,98.79130988384128,99.51592350533149,99.79762224794759
2022-02-25,101.09186725027101,101.85156784741989,102.21331313179671
2022-02-28,100.75645485613046,101.44913533503475,101.75117475634448
2022-03-01,99.46284314304938,100.25968174816191,100.44527742516794
2022-03-02,101.58872776512611,102.33114600923707,102.6882899097671
2022-03-03,101.07526879466961,101.95944747036465,102.35582136858656
2022-03-04,100.31140934127914,101.3798883276427,101.72435032950551
2022-03-07,97.51787093728771,98.75352993812963,99.15255022887558
2022-03-08,96.58150023300927,97.69182866071905,98.1202638081613
2022-03-09,99.03461764714667,99.99125921546111,100.25877012645518
2022-03-10,98.55296822001698,99.53510305954924,99.77019307577721
2022-03-11,97.32278077763203,98.38866967552065,98.7140634566606
2022-03-14,96.62749349201854,97.76901391084242,98.12559962403768
2022-03-15,98.58025244665996,99.68988828879358,99.94968798841802
2022-03-16,100.66567113544102,101.60091286854032,101.76705287062097
2022-03-17,101.99304938970323,102.89441919006767,102.9708170323721
2022-03-18,103.13755195834577,103.94590870188574,103.8414519139636
2022-03-21,102.97921223132215,103.78119005491106,103.69014738983068
2022-03-22,104.05740074013617,104.75840507672152,104.59785275023238
2022-03-23,102.58253955360418,103.31078767874584,103.17708405276272
2022-03-24,104.07029494048824,104.7477089523443,104.61253865561257
2022-03-25,104.491826060488,105.2184408191524,105.1814289217402
2022-03-28,105.14940545577831,105.85020044067275,105.60352735318556
2022-03-29,106.65518370852584,107.340575349467,107.06782001371724
2022-03-30,105.89698239639192,106.67246727360802,106.38806294122347
2022-03-31,104.4277704606735,105.2532474474896,104.85209189109682
2022-04-01,104.64856010145515,105.52178967990747,105.05066074657131
2022-04-04,105.27971476031415,106.08596270486282,105.49871139777869
2022-04-05,103.88588966260386,104.83954704204618,104.37384129152363
2022-04-06,103.22447241028672,104.34936105441105,104.07945837631001
2022-04-07,103.82978236530955,104.96007217570602,104.63748987920881
2022-04-08,103.80966132840254,104.99184561596394,104.80541266249828
2022-04-11,102.44810755331763,103.67552064578142,103.7213962321117
2022-04-12,102.01084840435072,103.23096662983312,103.3094589569273
2022-04-13,103.02870551672814,104.20904452149362,104.20793502658447
2022-04-14,101.94345408315087,103.20045568994774,103.3619969762812
2022-04-18,101.78406229801908,102.97144941044179,103.14095473186958
2022-04-19,103.45252063234781,104.60412791880557,104.71300781905981
2022-04-20,103.64617080895162,104.84563303030174,105.06275587122445
2022-04-21,102.14379261079901,103.43064967770202,103.82415134907839
2022-04-22,99.3515610809436,100.65431820904969,101.09148171563798
2022-04-25,99.94040755585287,101.22412070233116,101.6221757674725
2022-04-26,97.34630874761812,98.7189383977448,99.30601908203315
2022-04-27,97.3037884609531,98.69094091505045,99.26682898479486
2022-04-28,99.48801538484912,100.8274366252187,101.30863409613818
2022-04-29,96.0619342061793,97.37816135691754,97.90693146551675
2022-05-02,96.69830800253399,97.89741156178059,98.35073501381834
2022-05-03,97.35127469477379,98.53203175453626,99.026561984043
2022-05-04,100.18746746571152,101.32459311129665,101.776250106562
2022-05-05,96.85893595036706,98.08525651510374,98.7618841344632
2022-05-06,96.09405771930199,97.35227196542,98.11186628720162
2022-05-09,93.19014980649203,94.5988297007733,95.65307010902478
2022-05-10,93.29207538655716,94.66276765831599,95.61833230906413
2022-05-11,91.86030756145354,93.32529017580269,94.40650656389022
2022-05-12,92.12848067727843,93.6079458616369,94.71639407517586
2022-05-13,94.36859388232588,95.74993101301253,96.67087321321576
2022-05-16,93.98546145952444,95.44494979404831,96.5203461484364
2022-05-17,95.8307193126307,97.21723147722926,98.30792231484668
2022-05-18,91.80830239877378,93.20206872228654,94.33984882113472
2022-05-19,91.2755353842924,92.6398248714501,93.64550463381542
2022-05-20,91.48704093568968,92.90854302279652,93.95677748350298
2022-05-23,93.10237325089841,94.5002373874468,95.49651507700139
2022-05-24,92.52755942672435,94.06890002684155,95.2456277279799
2022-05-25,93.53253305375601,95.0046594947982,96.14794489270855
2022-05-26,95.55903989737581,96.94143916203205,97.95763539912737
2022-05-27,97.72380751936758,99.07673735020256,100.01659063187823
2022-05-31,96.81455226059842,98.17083157808963,99.18169049798477
2022-06-01,96.0464449544905,97.36573260482294,98.2839844092471
2022-06-02,97.25019861275386,98.61300015561051,99.6404981142131
2022-06-03,96.22467856023641,97.55543682853065,98.4545841421506
2022-06-06,96.37764490928915,97.70328642489875,98.62359869094627
2022-06-07,97.43511886754162,98.7199278045656,99.56032592777073
2022-06-08,96.20508467769764,97.45019410974973,98.18888414206475
2022-06-09,94.0569271415189,95.28804548254632,95.99814854254976
2022-06-10,91.99045361640853,93.2164007855492,93.78539499057139
2022-06-13,88.64264185546051,89.87126072816798,90.35620233790883
2022-06-14,88.36256647773021,89.58006791351886,90.1172644947016
2022-06-15,89.058146408368,90.31475435841931,90.96919358305897
2022-06-16,86.42726103687171,87.69317815701439,88.22342335122917
2022-06-17,86.18884372937677,87.5480190284643,88.2451836415497
2022-06-21,88.35431501945963,89.68879282159628,90.27471908486743
2022-06-22,88.1762327406397,89.56782587718251,90.18720213598972
2022-06-23,88.99103373703605,90.46815034577912,91.13361732426532
2022-06-24,91.38901134068672,92.90585013895193,93.70236390401219
2022-06-27,91.48361653775483,92.95321260862514,93.65511184304026
2022-06-28,90.05876345657177,91.459465572639,92.05483092064496
2022-06-29,89.84897496828222,91.29438050536734,91.858563458154
2022-06-30,89.40779876980902,90.8516988187279,91.36276225322285
2022-07-01,90.18609948308006,91.65906661484179,92.12722015461276
2022-07-05,89.8074817674078,91.31739396877654,92.052380985268
2022-07-06,90.10633764656819,91.63945662899309,92.39885653195734
2022-07-07,91.21678507752284,92.71931157921406,93.5288580087205
2022-07-08,91.16928223344627,92.65357058618312,93.41095352875851
2022-07-11,90.48395733735606,91.97166478552808,92.65086014743528
2022-07-12,89.84233209932256,91.32581141460284,92.05278413092984
2022-07-13,89.4814937263505,90.96298868629754,91.67075451716786
2022-07-14,89.10039143362408,90.57904695301515,91.29454220706637
2022-07-15,90.66113595111189,92.14509123966158,92.89661148326445
2022-07-18,89.88293908047854,91.32951800910618,92.08667627802059
2022-07-19,92.00331823948139,93.4725534268775,94.37105872719292
2022-07-20,92.14466893930327,93.59733893800586,94.60851541047475
2022-07-21,92.53906740647693,94.03337496861937,95.14582196145193
2022-07-22,91.94065148386163,93.43311085386362,94.42112982164723
2022-07-25,92.27558127886654,93.7079831062344,94.47831460363298
2022-07-26,91.69623815991964,93.14112970524533,93.8054224369887
2022-07-27,93.23631041968214,94.68587776684535,95.48996312768696
2022-07-28,94.33691776769135,95.82865685330819,96.7327343915132
2022-07-29,95.085744781837,96.54691054560506,97.36894896818612
2022-08-01,94.81112400857357,96.28850044825636,97.2098984119124
2022-08-02,94.05754881383908,95.52166424075415,96.38039558009324
2022-08-03,94.95304928417019,96.47179792945585,97.52572077583659
2022-08-04,94.58926631279667,96.15159861711011,97.4114004589016
2022-08-05,94.63476314098487,96.19593858405247,97.38419687102827
2022-08-08,94.83631910978367,96.40348308223692,97.55136762057892
2022-08-09,94.55229000647377,96.10100338506368,97.02866608268985
2022-08-10,96.05787784084615,97.6158325088271,98.74437455867742
2022-08-11,96.13639754220404,97.66593891379506,98.74062244172367
2022-08-12,97.6239407891436,99.17094098703598,100.29173263457253
2022-08-15,97.89363665854032,99.48565544244043,100.6867134160673
2022-08-16,98.17752364305474,99.79054946130398,101.00645840683259
2022-08-17,97.52377685362544,99.09407465856899,100.12785572561896
2022-08-18,98.06254103754529,99.61673566914973,100.6143694345096
2022-08-19,97.28378237741066,98.81859321539508,99.62280060434844
2022-08-22,95.6411277588845,97.13799031585707,97.76085594376602
2022-08-23,95.43465535031802,96.87671455994263,97.3828086276955
2022-08-24,95.72951344554171,97.15633123677001,97.62157131336156
2022-08-25,96.98126744419241,98.40711039534888,98.9801067845898
2022-08-26,94.16003221027285,95.5414327738196,95.9000056732648
2022-08-29,93.63386833384862,94.99790871180491,95.26268369414001
2022-08-30,92.58630314342062,93.97309731957358,94.3534679123357
2022-08-31,91.79474224110373,93.18813203903602,93.59529172165716
2022-09-01,92.19249920106827,93.63455424964373,94.06478934343436
2022-09-02,91.38519007592464,92.77702836508368,93.10844046361373
2022-09-06,91.06649219453868,92.45159710184522,92.76867978057365
2022-09-07,92.45206067565007,93.90871207561301,94.38550678502745
2022-09-08,93.03609269804454,94.48707178558949,94.97099733435525
2022-09-09,94.35869639689487,95.8027650503017,96.3181202398435
2022-09-12,95.07949348265504,96.52386377042146,97.01870761463564
2022-09-13,91.46787741187859,92.87840575937868,93.1852979169968
2022-09-14,91.63602580404577,93.0119856796973,93.17118507422592
2022-09-15,90.78823820118691,92.14367597121527,92.25899793935099
2022-09-16,90.24271262914505,91.61279559770361,91.72900702323079
2022-09-19,90.73660285024461,92.11656822226676,92.27931975554584
2022-09-20,89.53062110768369,90.87187425440068,90.880664770922
2022-09-21,88.21908767377585,89.55001299952804,89.54022749232814
2022-09-22,87.76941512300964,89.08419157669205,88.90569456870242
2022-09-23,86.26752780471075,87.62411611821233,87.60546080898177
2022-09-26,85.17120712912205,86.51573970332629,86.49066620432393
2022-09-27,84.9681014855646,86.27814416197737,86.20844148757466
2022-09-28,86.76918346033261,88.08062356442564,87.99845835740143
2022-09-29,85.23577508310312,86.52280006108258,86.3612510046339
2022-09-30,84.13028700813692,85.41350797447186,85.22730666009403
2022-10-03,86.45472033056689,87.75628855339149,87.55963533432697
2022-10-04,88.85664250880592,90.1661412919225,90.0198781619029
2022-10-05,88.73551433395315,90.01302354687952,89.80009894279107
2022-10-06,87.8168221531188,89.03443375634839,88.72712602643054
2022-10-07,85.84109879286247,87.02363020520792,86.56596987303422
2022-10-10,85.38350932016058,86.58437474948491,86.14176681626373
2022-10-11,85.25377825953424,86.45653538868103,85.9399569023885
2022-10-12,84.86192145082285,86.0376517562597,85.48090575973757
2022-10-13,86.96212595398883,88.14568035480265,87.49784573201035
2022-10-14,85.22306801283645,86.40466357149981,85.75795664356858
2022-10-17,86.81773283589735,88.02543645228528,87.49382271380486
2022-10-18,87.80504831181463,89.03001689413784,88.51265263741838
2022-10-19,87.28794737347806,88.46774550261742,87.77740042579245
2022-10-20,86.82578488034272,87.9851266205663,87.26154761486764
2022-10-21,88.9735220682293,90.1196701225964,89.34676877517751
2022-10-24,90.12009039435533,91.28491525925236,90.49929287092158
2022-10-25,91.31715672174226,92.49708232174686,91.8828011019968
2022-10-26,91.55385235507501,92.72898704726803,92.00022387279861
2022-10-27,91.29198982887534,92.4793078726716,91.66835593113575
2022-10-28,93.43888540260721,94.68707406965211,93.95870774683296
2022-10-31,92.88187484198858,94.11674294739373,93.31386989798143
2022-11-01,92.92756003437457,94.1642476311971,93.40899616243236
2022-11-02,90.93863626517387,92.15649160640261,91.29967398941324
2022-11-03,90.35296849035254,91.54564213281745,90.51079957536032
2022-11-04,91.4473398068401,92.64330700460849,91.75930487969583
2022-11-07,92.34358827412404,93.53274355822394,92.61962521997307
2022-11-08,92.90089082486814,94.1057206512476,93.17946188556476
2022-11-09,91.14858356068069,92.38895212019308,91.59449592432685
2022-11-10,95.03719150653927,96.29202119784232,95.87978386280892
2022-11-11,95.38668640894623,96.59241300638334,96.37619686586504
2022-11-14,94.95510416927573,96.16191106067299,95.84020323372286
2022-11-15,95.58564143191889,96.79193425643196,96.54391522940611
2022-11-16,94.70244926638175,95.94791781527805,95.59741615006422
2022-11-17,94.7832054074301,96.01653874296503,95.57909874144028
2022-11-18,95.43289234039207,96.6995710964693,96.2703057299038
2022-11-21,95.31717677231319,96.61904543836111,96.16327476567642
2022-11-22,96.65710454979505,97.94035855563197,97.45989652264521
2022-11-23,96.94705045956094,98.24183906693565,97.8580025455184
2022-11-25,97.05918674407327,98.37207578483658,97.98411015399361
2022-11-28,95.74349864827414,97.0493192067966,96.62518272213458
2022-11-29,95.8546553995855,97.153622454157,96.72744087083085
2022-11-30,98.13860757445218,99.47373692598975,99.20599806017069
2022-12-01,97.96631972091052,99.32456938849371,99.15002633971693
2022-12-02,98.03315792396643,99.39251559946813,99.1224210179364
2022-12-05,96.47617644647559,97.82423766587763,97.54661995984353
2022-12-06,95.32019376122423,96.68747224831284,96.40945419231647
2022-12-07,95.41097703339648,96.78070831682211,96.44217700616521
2022-12-08,95.92977267693401,97.31629042961535,97.09626912125576
2022-12-09,94.92018710152942,96.31421374810654,96.2802814148094
2022-12-12,96.32360968151205,97.73496414603497,97.7296045458675
2022-12-13,96.61533340684062,98.0148683290936,98.15924668548243
2022-12-14,96.26118787049599,97.6505523106735,97.73935790634323
2022-12-15,94.27110003722908,95.63308030194719,95.51645049409666
2022-12-16,93.28736172918494,94.63238186495698,94.42528679294848
2022-12-19,92.63832984820496,93.97764577372969,93.63203838823532
2022-12-20,92.77105830562488,94.10039786084954,93.68832925408938
2022-12-21,94.1026386072133,95.42830329283004,95.01184189099888
2022-12-22,93.02935665239137,94.37352874764424,93.95512565771931
2022-12-23,93.6794363587405,95.01554931202868,94.4839413728686
2022-12-27,93.68844505660786,95.03870918913049,94.46089996837625
2022-12-28,92.50000393375277,93.8454444268337,93.25753044461021
2022-12-29,93.6324772109948,94.98912586744729,94.57791803087171
2022-12-30,93.3602338581169,94.69552964317833,94.19833751523926
2023-01-03,92.9427884822058,94.3298886703131,94.15955666816333
2023-01-04,93.60317588283412,95.00424975124417,95.03703194514156
2023-01-05,92.9795308448794,94.35767688838025,94.21069624724817
2023-01-06,95.06164262963699,96.46924376819655,96.47135944631296
2023-01-09,94.49588925343426,95.8889171477601,96.09522788683762
2023-01-10,95.02578841104821,96.40754804035399,96.61906329401096
2023-01-11,95.87841972841309,97.26573256779682,97.60792250858563
2023-01-12,96.09777188575956,97.45170107057227,97.76611260582558
2023-01-13,96.20849333488121,97.55917216240366,97.84396088835192
2023-01-17,95.82912012696346,97.16417202785556,97.43057581668825
2023-01-18,94.26335952784115,95.56401698707919,95.8418504055575
2023-01-19,93.71086128961566,95.00053262787188,95.1453123793957
2023-01-20,94.93792605712599,96.22622590908962,96.56913373113062
2023-01-23,95.78929853902133,97.06733948314408,97.5858629276176
2023-01-24,95.77116022473155,97.0440854492231,97.47485349709527
2023-01-25,96.05562176032302,97.334973929842,97.74733570533823
2023-01-26,96.76001883986112,98.00189734844407,98.34453334449273
2023-01-27,96.44977683621269,97.69042947350664,98.27509225063312
2023-01-30,95.53042653903239,96.79446090816379,97.34803827005486
2023-01-31,96.918422268587,98.1835606534309,98.7971150250487
2023-02-01,97.35688156509487,98.64027819750764,99.60831625513131
2023-02-02,97.66453740496839,98.90921809225682,100.54316152605186
2023-02-03,96.87171615798991,98.10743941736982,99.51964757007956
2023-02-06,96.35398680900715,97.60237348340823,98.82013997233362
2023-02-07,97.2628121897207,98.48410260605,99.63956046206434
2023-02-08,96.31546071255677,97.52966259314445,98.53397489205369
2023-02-09,95.75064864075182,96.96206441782567,97.8411898301112
2023-02-10,96.67388104748973,97.90215367923433,98.49260636565856
2023-02-13,97.58941648348006,98.81606342675417,99.5476790087051
2023-02-14,97.25097852262974,98.44091429919786,99.15332072480288
2023-02-15,97.2295567883371,98.44206244293358,99.33811268531963
2023-02-16,96.34349298590318,97.57775544878243,98.47564712042032
2023-02-17,96.21537595401692,97.4936188900513,98.43343873248409
2023-02-21,94.63287437164581,95.91287664515076,96.59507539056565
2023-02-22,94.35660317508986,95.62686362867763,96.31688990597085
2023-02-23,94.7730412497342,96.01146219774365,96.7084589674702
2023-02-24,93.97422215430574,95.20913521914167,95.81246270452928
2023-02-27,94.02446221890487,95.25552116476683,95.85402918181447
2023-02-28,93.46171894975197,94.67597475836743,95.40251110767657
2023-03-01,93.42248260305108,94.60679608945213,95.15103255488884
2023-03-02,94.0981896132572,95.2952730768886,95.93511554848669
2023-03-03,95.20586405238782,96.39270529566195,97.09218059634561
2023-03-06,95.1426062651405,96.33058324088753,96.98223040880637
2023-03-07,93.79791930943844,94.98050151544778,95.61444166834107
2023-03-08,93.82413738374467,95.00245105994236,95.81841564167928
2023-03-09,92.33794752934556,93.52549846496271,94.29938342166186
2023-03-10,91.13283820052774,92.3225526393257,92.99612020902552
2023-03-13,90.6895667999855,91.91292149282043,92.66626198058407
2023-03-14,91.82027007591813,93.03017461711042,93.88545376640661
2023-03-15,90.92502924270661,92.1643130473312,93.25278826256539
2023-03-16,92.15286241332973,93.37979107950608,94.587948012883
2023-03-17,91.03432102873877,92.25590606388519,93.58613322980058
2023-03-20,92.15424420863803,93.39279263503354,94.58954548845449
2023-03-21,93.02217258992428,94.21912240544866,95.3050435762072
2023-03-22,91.45673005080705,92.65160051893,93.71710439451573
2023-03-23,91.45143279201528,92.6412964714524,93.9045882680583
2023-03-24,92.24843486062895,93.48985797936925,94.7207534170356
2023-03-27,92.69202016395377,93.9382744267627,95.02483556739
2023-03-28,92.73149941119098,93.98684105813035,94.9807506890601
2023-03-29,93.90062997018468,95.15324662392948,96.27040158274089
2023-03-30,94.32162175200953,95.57829411709565,96.77445387640634
2023-03-31,95.41971573948558,96.68172768372713,97.99976408244393
2023-04-03,96.23271755058255,97.4816450612821,98.46080999255683
2023-04-04,95.46786303741017,96.74154195207126,97.75436390816192
2023-04-05,95.85719618998047,97.16603222848845,97.94181674508457
2023-04-06,95.9486931742785,97.2690148020795,98.12951476387249
2023-04-10,96.36200984152681,97.65659580360335,98.50049859261763
2023-04-11,96.68484849928471,97.98128580338067,98.81701034372217
2023-04-12,96.44592706629754,97.76646714254636,98.47772770733297
2023-04-13,97.15104036166369,98.46578937583872,99.18678929971345
2023-04-14,96.80243628496176,98.08751932891359,98.86068117034752
2023-04-17,97.04069491313624,98.3409796683603,99.2365369672342
2023-04-18,97.06977755530689,98.3549209458335,99.21796132212828
2023-04-19,96.61500531942727,97.90339865217723,98.7873647327892
2023-04-20,96.26145453885492,97.55484480252296,98.42788277754065
2023-04-21,96.23326440220747,97.54711826892287,98.44315184260164
2023-04-24,96.47826202306595,97.79649978071214,98.56779681597834
2023-04-25,95.30894842753104,96.65131074791445,97.29208567732064
2023-04-26,94.21018004661798,95.51995200993352,96.27645391705143
2023-04-27,95.59713231806735,96.89511125055216,97.81926822339065
2023-04-28,96.48276878310125,97.76731755635072,98.76186438649135
2023-05-01,96.60119869534113,97.89818803744902,98.86897123469646
2023-05-02,95.25459236562804,96.56230559739986,97.66147779807244
2023-05-03,94.68904073405332,96.00256522719846,97.13409778311294
2023-05-04,93.79232421318008,95.12447612699047,96.23056604181768
2023-05-05,95.32857107564354,96.65318668111047,97.70222904340358
2023-05-08,95.23515079114536,96.5510559653918,97.59279560919813
2023-05-09,94.95035585100335,96.27176066605313,97.24720359409362
2023-05-10,95.04632645159334,96.38112491235297,97.52021123172322
2023-05-11,94.72064153817693,96.04968394270153,97.2601981619335
2023-05-12,94.76430423537167,96.09908184897321,97.29303685074215
2023-05-15,95.15013833711501,96.45747996397053,97.6493522223509
2023-05-16,93.9757579188539,95.26340242448335,96.59594403296444
2023-05-17,94.93921057660963,96.19197920502658,97.52355395986102
2023-05-18,95.40496892583703,96.62529834883577,98.16682142532258
2023-05-19,95.45107125234223,96.68955753208388,98.10378841614903
2023-05-22,95.37293895475797,96.59100032283959,98.09983111517244
2023-05-23,94.61368026415636,95.82586345864108,97.14889141070785
2023-05-24,93.88239605633203,95.0924571535706,96.31823235063158
2023-05-25,93.86484805169295,95.0057993281572,96.75210996675983
2023-05-26,94.60275277314277,95.70356349195023,97.73770496681965
2023-05-30,94.43907284876673,95.52022213548705,97.58461784906845
2023-05-31,93.83136786847984,94.94610510522011,96.9997830563422
2023-06-01,94.517024951887,95.6153893705079,97.61450581138106
2023-06-02,95.814374733549,96.89883929594832,98.97170503549583
2023-06-05,95.45326582727303,96.55601946407769,98.57510553075839
2023-06-06,95.67362363337912,96.7146152946071,98.77210078320091
2023-06-07,95.78283333888305,96.79558839784809,98.89615361452451
2023-06-08,96.23952783380604,97.286661946056,99.29054871218507
2023-06-09,96.28322656340899,97.3347463846827,99.30140291350511
2023-06-12,97.20025144021052,98.24508949559245,100.14558372732404
2023-06-13,97.88653558802757,98.91319886653335,100.77155864156316
2023-06-14,98.05594036574394,99.10281883779092,100.84148742447661
2023-06-15,99.22032527992866,100.28717924832085,102.10020143475118
2023-06-16,99.03085891031634,100.08941130536147,101.99817547129669
2023-06-20,98.30517348630477,99.36644425733478,101.24418799347863
2023-06-21,97.97416313559165,99.05668213779647,100.96020681269471
2023-06-22,98.05227411444727,99.14414522127348,101.0388227146025
2023-06-23,97.31605432014227,98.39548889412292,100.30252757350061
2023-06-26,97.20787253968611,98.28951165219249,100.27152240102153
2023-06-27,98.38026485941964,99.44983646846973,101.33973533277681
2023-06-28,98.14302186892738,99.19538799830318,101.02398899916804
2023-06-29,98.63866022860341,99.70320679933013,101.58152791501993
2023-06-30,99.6317918342678,100.72142161312966,102.57654264647032
2023-07-03,99.66966911152839,100.73062087346159,102.63039113046423
2023-07-05,99.39100331799247,100.4564776253172,102.40208565255838
2023-07-06,98.5524861799806,99.62183420516766,101.64837522904006
2023-07-07,98.2509079003413,99.29409969572711,101.26812694109539
2023-07-10,98.9673158342773,100.01691451559111,101.855063921782
2023-07-11,99.69330168484602,100.72352345078988,102.68185920964939
2023-07-12,100.27951110835902,101.31332501162086,103.16144873874596
2023-07-13,100.808569783585,101.81182570320148,103.71961217622987
2023-07-14,100.4849012182724,101.51355465480866,103.46702505164198
2023-07-17,100.78612244118726,101.81529850447201,103.72069766420023
2023-07-18,101.39320141655573,102.40953891207727,104.24466834662098
2023-07-19,101.67902342131083,102.68210959475377,104.64423481668545
2023-07-20,101.38163804294304,102.41941632542125,104.55415608828693
2023-07-21,101.53397625094036,102.5846588973126,104.85912040587522
2023-07-24,101.78071472808963,102.80677093397196,105.20286803546507
2023-07-25,102.15289559635517,103.18767064400757,105.52437923203308
2023-07-26,102.00686331536355,103.00346178823756,105.45954860066044
2023-07-27,101.56128544101209,102.53984486911861,104.89112208961018
2023-07-28,102.17214309176414,103.14381763797556,105.42996654150986
2023-07-31,102.28007329222166,103.24433911090163,105.47130687012626
2023-08-01,102.16015057418363,103.12141966895437,105.3230643306576
2023-08-02,101.00048880754504,101.99132758897247,104.3201421178137
2023-08-03,100.7614869132543,101.75057433697211,104.01243479954559
2023-08-04,100.47047720929126,101.45105374698477,103.55970132637724
2023-08-07,101.5430396622743,102.53529215513747,104.58248741639719
2023-08-08,101.24608886991219,102.24438921171176,104.24205988969867
2023-08-09,100.74854259444758,101.76865373282187,103.91351688036235
2023-08-10,100.60652407419079,101.6421372512961,103.7477021433823
2023-08-11,100.49507874902993,101.55244218779445,103.73694986748188
2023-08-14,101.13974663860954,102.19084998567568,104.26722824533854
2023-08-15,100.17284617063453,101.24148450669838,103.22622990576099
2023-08-16,99.4285604735289,100.50825929819423,102.62772813349372
2023-08-17,98.60413979178203,99.66031113670198,101.94645008794848
2023-08-18,98.86935606839882,99.9268498858102,102.17945666085572
2023-08-21,99.43495030752663,100.48141894891148,102.628393220285
2023-08-22,99.03337876362127,100.08869144279332,102.24708801610714
2023-08-23,99.9468813294023,101.00959199235771,103.09856884095589
2023-08-24,98.74764819311036,99.81045967840893,102.01492866509712
2023-08-25,99.27640419195521,100.35699178357288,102.59321676354365
2023-08-28,99.96371663421779,101.03850327960589,103.20356670331486
2023-08-29,101.25856775888461,102.32724788975048,104.40963326101739
2023-08-30,101.46845751014558,102.53882239977975,104.60722855544296
2023-08-31,101.33933899020663,102.3791495670869,104.3967309964087
2023-09-01,101.64298037046227,102.6641743863466,104.73127920329861
2023-09-05,100.92237250189807,101.94452453642704,103.97684040782823
2023-09-06,100.53549834007279,101.56417321731857,103.50607825836894
2023-09-07,100.35507396525297,101.41784834043837,103.40678860463078
2023-09-08,100.56815308211185,101.63819141880343,103.6102841363071
2023-09-11,100.90763352266104,101.99459671873907,103.91715444663757
2023-09-12,100.4463267205584,101.51182022143144,103.51678756247688
2023-09-13,100.49467056089355,101.57307197611415,103.6222954468366
2023-09-14,101.3185999982816,102.40172599280572,104.42145731296611
2023-09-15,100.07191373298878,101.15362760326673,103.28825831338118
2023-09-18,100.18930587813824,101.27618520006891,103.42805109302311
2023-09-19,100.12164071720824,101.21791228016734,103.3900795294966
2023-09-20,99.47137326992349,100.60036079463785,102.86814678912532
2023-09-21,97.92998129248676,99.05877573574051,101.31340986202807
2023-09-22,97.90215881672019,99.03770423949126,101.26470692801502
2023-09-25,98.18190006221724,99.31013462642508,101.52126758346364
2023-09-26,96.96047806022149,98.08538116544246,100.22090118245265
2023-09-27,97.046665632825,98.14496149551069,100.23746378550507
2023-09-28,97.60200078928361,98.68455423435913,100.71089017875511
2023-09-29,97.29152781805621,98.34657610856384,100.40265126223352
2023-10-02,96.97681256772337,98.0155251327799,100.05699538165669
2023-10-03,95.87007892598415,96.92016847485138,99.08323948586724
2023-10-04,96.40326732587818,97.47198038464389,99.64271527280575
2023-10-05,96.30733468911299,97.3643020395192,99.56516130334101
2023-10-06,97.3263075616993,98.37684935090547,100.52381688471898
2023-10-09,98.05242233384283,99.11003523844255,101.32450913285959
2023-10-10,98.56530332638816,99.62504421181097,101.7856249370433
2023-10-11,98.95757731176805,99.99943507073337,102.22226979009422
2023-10-12,98.25093438549395,99.28344427377993,101.56821072983261
2023-10-13,97.89812646619288,98.96520527176396,101.35515348239569
2023-10-16,98.9659204712529,100.0347545559528,102.41098428869512
2023-10-17,98.98246664333992,100.04629321751156,102.41001970424304
2023-10-18,97.83912578872005,98.91892005390949,101.30740177459336
2023-10-19,96.94406863924554,98.01280461339877,100.27870196288168
2023-10-20,95.99884637685844,97.0694127722731,99.33772437922559
2023-10-23,95.67856494349866,96.74965158469072,98.8913018256554
2023-10-24,96.48039187684822,97.5608071944425,99.65410264130003
2023-10-25,95.42162022716694,96.54452139945968,98.72261980900538
2023-10-26,94.46924056726564,95.610340283355,97.85644372809358
2023-10-27,93.88256325135539,94.99009280233261,97.0803679504132
2023-10-30,94.82228121844778,95.93888907309386,98.07713735239477
2023-10-31,95.44400712123083,96.56587892004536,98.73704936086921
2023-11-01,96.41845326393263,97.54093487009324,99.56487305228163
2023-11-02,98.13734864314205,99.2425560374547,101.29017000827494
2023-11-03,99.22953667498442,100.31888482535558,102.28195280413821
2023-11-06,99.3543386938587,100.45752116551992,102.38426586138318
2023-11-07,99.44318326468388,100.53095999648943,102.50480948242594
2023-11-08,99.42291593985402,100.53098244728835,102.4895725929836
2023-11-09,98.67384035061215,99.77482638551054,101.69758214319353
2023-11-10,100.08061987306263,101.1561498749678,103.00412682027313
2023-11-13,100.0253964774526,101.11998014310308,102.86766061155075
2023-11-14,101.83065637143591,102.88231396029653,104.610882997777
2023-11-15,101.83191848785965,102.86001346917475,104.69172063725509
2023-11-16,101.74598065035468,102.79566100844777,104.52500577288549
2023-11-17,102.00429205353325,103.03966012607893,104.70842224857421
2023-11-20,102.67887104419952,103.70260255154777,105.2942176607807
2023-11-21,102.42751417056944,103.49367639219226,105.18538856495886
2023-11-22,102.83814310018298,103.92786729991279,105.69697561168962
2023-11-24,103.02529318855937,104.12255569497037,105.8951173580287
2023-11-27,102.71902623873689,103.81530097633073,105.58197016369004
2023-11-28,102.55034178595389,103.64321533515557,105.47822020828204
2023-11-29,102.6986992616196,103.76613508039469,105.58389741374616
2023-11-30,103.20036367607194,104.30231690418984,106.3022719817196
2023-12-01,103.88187240711693,104.98094930653804,107.08103062232796
2023-12-04,103.39414491446684,104.5139100576192,106.79611951563635
2023-12-05,103.18419558935608,104.2931367861213,106.54337775113578
2023-12-06,102.7845559569509,103.90410030083027,106.33012638783221
2023-12-07,103.6016008784712,104.67526785436445,106.87912561751506
2023-12-08,104.12433195108612,105.1585082127741,107.2327294628603
2023-12-11,105.16957738322716,106.21650175739254,108.27103165721643
2023-12-12,105.63110502134592,106.69263448139789,108.72052301870994
2023-12-13,106.85183203943414,107.92538973806171,110.1136068878069
2023-12-14,107.0250624628244,107.96600593448377,110.15120502902576
2023-12-15,106.80314844450945,107.71886351712655,109.71889417781122
2023-12-18,107.39412157002124,108.33221638357051,110.24606971395008
2023-12-19,107.9958524566652,108.90336238699264,110.75515874048304
2023-12-20,106.35860317502433,107.26423365339917,109.18740053336151
2023-12-21,107.46046920197591,108.35380346957129,110.1583257589725
2023-12-22,107.70502196903709,108.61980840454079,110.4080276476083
2023-12-26,108.31436577895873,109.20235239388033,110.93898179881509
2023-12-27,108.49989445457378,109.39217714617874,111.1181021956763
2023-12-28,108.53698195048057,109.4403888351992,111.19123023664656
2023-12-29,108.30284311423229,109.23992839545615,111.0783163793385
2024-01-02,107.74938485071209,108.73745391487455,110.9522559822449
2024-01-03,107.01643535591913,108.04502006081754,110.33935916317634
2024-01-04,106.66164709757898,107.70382186415488,109.98156381552211
2024-01-05,106.84235233440268,107.8470150890621,110.06822446659669
2024-01-08,108.34594597279246,109.31624794384572,111.28329091329647
2024-01-09,108.1566954524742,109.13674519621657,110.98888065653972
2024-01-10,108.59684421672,109.57994890720853,111.31908973146693
2024-01-11,108.6592638079592,109.639934464796,111.26950843200622
2024-01-12,108.84049601380993,109.86047283785463,111.53115107441793
2024-01-16,108.57240208274825,109.59336636167626,111.08906543117035
2024-01-17,108.01994749849426,109.0689409143851,110.6240506507767
2024-01-18,108.8449984147466,109.88877470706001,111.3410047533182
2024-01-19,110.40334609269733,111.40093761202832,112.62041112375536
2024-01-22,110.7272398572819,111.71477969987288,112.94507521691638
2024-01-23,110.90699067147786,111.91817091944432,113.11712235111
2024-01-24,111.03907172602769,112.00964959615237,112.93389573852433
2024-01-25,111.81782796226264,112.76684563665572,113.59963840816258
2024-01-26,111.36882243447525,112.36981831893979,113.29743086164859
2024-01-29,112.12952145339328,113.10701632425699,113.92418709128548
2024-01-30,112.30126351916083,113.28962453929557,114.19629826167647
2024-01-31,110.81244217147,111.81769423945103,112.85311576101083
2024-02-01,112.18217924605082,113.19840660569605,114.10467751537246
2024-02-02,113.06519750921764,113.97394915097365,114.45751914002317
2024-02-05,112.70930618012859,113.59022180234504,113.96434385852774
2024-02-06,112.81290879833345,113.70457711408308,114.23681908940918
2024-02-07,113.78228361684393,114.64232144811274,115.02339477134083
2024-02-08,113.9462819249151,114.77535467086916,115.07772024166076
2024-02-09,114.65180033279407,115.42958140972243,115.50897436453458
2024-02-12,114.762011283783,115.51001658804665,115.7210837103667
2024-02-13,113.30890947220536,114.11393627780367,114.35909380150596
2024-02-14,114.5782995272204,115.32190280201468,115.26952825239191
2024-02-15,115.2994217408863,116.05097140728088,116.1038880624425
2024-02-16,114.57911193244328,115.36871442258933,115.52062385339639
2024-02-20,113.92863419076511,114.7685060194741,115.10213835652414
2024-02-21,113.85684098563439,114.73931781922116,115.36513141527277
2024-02-22,116.16245335407261,116.96674050177148,117.16628289823788
2024-02-23,116.311750188288,117.14280781086711,117.44317558055322
2024-02-26,116.12652342516719,116.92285438837882,117.09976293044598
2024-02-27,116.25876045671774,117.04318416850555,117.19865211060858
2024-02-28,116.09095214701425,116.8998627046399,117.07651706646556
2024-02-29,116.66171679609609,117.39737862115257,117.32846964799995
2024-03-01,118.19035017284705,118.8404211719625,118.42841300177814
2024-03-04,118.54490038193231,119.15967787379414,118.5599152502338
2024-03-05,117.34006075536085,118.00766655661518,117.61050667580369
2024-03-06,118.31016824671799,118.96215688506294,118.49365011320978
2024-03-07,119.44798757539861,120.02236065508234,119.39309389988496
2024-03-08,118.38158920299973,119.05842706147584,118.65120767776042
2024-03-11,118.15563806521962,118.91564694801383,118.78647192897245
2024-03-12,119.38436235500234,120.06481239046322,119.74509244531193
2024-03-13,119.11215562499268,119.80960171368608,119.59039701767452
2024-03-14,118.4676030152686,119.19675867426287,119.08462299313749
2024-03-15,117.70890250029618,118.4933839057467,118.50632200145958
2024-03-18,118.24899374912312,119.00556111761725,118.96555344134345
2024-03-19,118.85564491362327,119.63163958784395,119.6350804956976
2024-03-20,119.93699118350588,120.6296288670756,120.5337682460333
2024-03-21,120.68017655691324,121.31125183894275,121.06178781239328
2024-03-22,120.30241147071605,120.93145383245442,120.56888725605714
2024-03-25,120.01924662612662,120.63079372784655,120.19836826439484
2024-03-26,119.78777883238357,120.42006644140693,119.99173193563965
2024-03-27,120.81912591081928,121.49982486606527,121.20762349954451
2024-03-28,121.01651902215268,121.71170250108332,121.49522237940567
2024-04-01,120.72802403517919,121.3993767509711,121.08333574778112
2024-04-02,119.8814206528553,120.57453463642628,120.28493857119568
2024-04-03,120.06365125331257,120.68138823175386,120.18209732131773
2024-04-04,118.4880288063294,119.17593853035231,118.82385256791807
2024-04-05,119.63522628878823,120.24350185937865,119.73689404910135
2024-04-08,119.49465899037837,120.1153434076541,119.65802346022761
2024-04-09,119.43600053100485,120.08454860933799,119.77234903226406
2024-04-10,118.13445490892795,118.77474931960913,118.35624177783113
2024-04-11,118.67493740618065,119.21326852770396,118.70100279972894
2024-04-12,116.91428554004497,117.51197247814508,117.13985739661871
2024-04-15,115.72807553943547,116.39310228428609,116.14934873519886
2024-04-16,115.68294838812963,116.33000908558108,116.00346486228545
2024-04-17,114.96791556190391,115.71504465692392,115.57270015396041
2024-04-18,114.76565680912216,115.56078696147534,115.52081379250885
2024-04-19,113.89990459505825,114.91611700090752,115.18580534449876
2024-04-22,114.7653590153528,115.74296714949736,115.96523105140855
2024-04-23,116.03548124986618,116.89436490771143,116.86207367804568
2024-04-24,116.03800764396662,116.93903759735781,117.00188604853831
2024-04-25,115.59706954410895,116.5288621486913,116.64269933994137
2024-04-26,116.12457213048799,116.93794712585145,117.00565059252816
2024-04-29,116.42538547240916,117.26612371257028,117.32233372498305
2024-04-30,114.81076532758678,115.69501852099233,115.82374004106018
2024-05-01,114.11433487603757,115.07149196362963,115.34906061344834
2024-05-02,114.92831362743209,115.83019183222268,116.01938550211753
2024-05-03,116.08314433137511,116.91194222066625,116.98485477000217
2024-05-06,117.48191661664639,118.20428129594939,118.10271923853259
2024-05-07,117.71231389852932,118.51134808095154,118.52867053347126
2024-05-08,117.81584796567218,118.60295961208206,118.58276207590713
2024-05-09,118.344330175376,119.16265372086401,119.17196750178168
2024-05-10,118.65844308528548,119.49594028993894,119.54770548155176
2024-05-13,118.56409776581651,119.43052045932541,119.57812617443095
2024-05-14,119.04014927185631,119.85634257665308,119.93948126709502
2024-05-15,120.72927204041329,121.4143563478904,121.30321872760354
2024-05-16,120.3365082359559,121.14584581780599,121.18990788701669
2024-05-17,120.40215659462575,121.24213472020439,121.31236906557622
2024-05-20,120.64177903086302,121.40607005259523,121.34907284183168
2024-05-21,120.67054020020038,121.42256517143011,121.36893784158795
2024-05-22,120.44286358815798,121.21043040409226,121.13804616321244
2024-05-23,119.61467683144264,120.28895529676421,120.15627002291608
2024-05-24,120.37144516666403,120.96825410443688,120.73893382079328
2024-05-28,120.0770899301337,120.54853283183579,120.24391648502342
2024-05-29,119.04036379372906,119.50459012663379,119.19252515733338
2024-05-30,118.6537087222573,119.24485511595402,119.21038674583795
2024-05-31,119.69801220612027,120.40120342483745,120.5331812155805
2024-06-03,119.40630471681575,120.10645429694452,120.30637783185978
2024-06-04,119.43310219377577,120.2144265010597,120.56741803024788
2024-06-05,120.75499722284343,121.36833901643746,121.47173468633609
2024-06-06,120.5451499589588,121.20841816464758,121.4232237973563
2024-06-07,120.41909199573152,121.06153623510622,121.23443656358464
2024-06-10,121.07364716910679,121.64447396925573,121.64772485027756
2024-06-11,120.96171133325473,121.55065531045324,121.73001703046842
2024-06-12,121.51724219143568,121.99894673241266,122.05687589348649
2024-06-13,121.7641083766995,122.18028167888545,122.10324940695253
2024-06-14,121.64424289565152,122.07962018095002,122.06077170779076
2024-06-17,122.73484223590971,123.13149199632284,122.98568786973877
2024-06-18,123.27811718531186,123.62496569027854,123.38726590928331
2024-06-20,123.11340601673561,123.58896393876049,123.47285390661187
2024-06-21,122.82128972674535,123.36166560524724,123.39277525732172
2024-06-24,122.70186780501484,123.3926281764783,123.62613241661572
2024-06-25,122.79937339283116,123.3723167518811,123.49240711723482
2024-06-26,122.37944418272937,122.93923913953628,123.0753628334287
2024-06-27,122.52770784806506,123.08460345813943,123.13502675803406
2024-06-28,122.53745470869968,123.07521791865483,122.98004779906773
2024-07-01,122.36459425270658,122.86965381992972,122.6938528696608
2024-07-02,122.91397010980039,123.39357948236884,123.21858785260895
2024-07-03,123.20056559969746,123.5871936090067,123.32217863515822
2024-07-05,123.4969857778864,123.89494813190055,123.75709980111282
2024-07-08,123.90224146144874,124.25267631254732,123.94238851698479
2024-07-09,124.01182364409794,124.31350614276452,123.93512456344733
2024-07-10,125.06861218587483,125.36559974743582,124.96626585327513
2024-07-11,124.65360402537841,125.11853503752829,124.81947114969442
2024-07-12,125.48954663596248,125.99428129496843,125.78385388445412
2024-07-15,125.90485626438657,126.37419638706918,126.12795213624275
2024-07-16,127.1743430747434,127.67229781830554,127.39594510947936
2024-07-17,125.50270428311703,126.36687710393045,126.5912122616005
2024-07-18,124.71264531601841,125.59011267497905,125.83312915866371
2024-07-19,123.68611538515636,124.5509243751724,124.78106726409007
2024-07-22,124.86907656284441,125.6314987667746,125.80404990065841
2024-07-23,124.33032038488746,125.04423452922464,125.13438655802534
2024-07-24,122.23504210700312,123.23940838446553,123.61161100247583
2024-07-25,121.67622221710623,122.79848153867249,123.25510254271342
2024-07-26,123.22527491222523,124.33245236670689,124.77055240132671
2024-07-29,123.08098000883764,124.23819570971273,124.77206426280512
2024-07-30,122.72899333650068,124.03035238621021,124.75785959018225
2024-07-31,124.46179532966008,125.517765640016,125.96585118410331
2024-08-01,122.74611793409969,124.08071066362962,124.97031658750367
2024-08-02,120.14390782678555,121.8251405057033,123.30354963137361
2024-08-05,117.14375417638855,118.79698893958407,120.11526107301631
2024-08-06,118.30908212949174,119.87844523690018,121.08551138525482
2024-08-07,117.44301055500205,119.14674374364218,120.49461660325308
2024-08-08,120.34790558969904,121.82499452630665,122.88912216786977
2024-08-09,120.9285761315042,122.33742792286296,123.32501983540833
2024-08-12,120.82241005284061,122.19281310222343,123.1753424126884
2024-08-13,122.60399741522522,123.84794999795237,124.66552867722166
2024-08-14,123.14987993220643,124.39801957559284,125.12947981027288
2024-08-15,125.13386568568095,126.21462727786522,126.7856085143174
2024-08-16,125.37123912830603,126.49776090350107,127.09977170550644
2024-08-19,126.45614570044728,127.53656037153891,128.03914928644647
2024-08-20,126.24277851313613,127.35865271715602,127.92800080734645
2024-08-21,126.98912094500547,128.10586569359933,128.7198708361635
2024-08-22,126.24756586183207,127.43000448904928,128.07450862407433
2024-08-23,127.56885189445723,128.70105144883064,129.28099689485137
2024-08-26,127.21142868016942,128.4479326879196,129.21391551212608
2024-08-27,127.43687281009028,128.66547164678764,129.45590695326723
2024-08-28,126.77332605201568,128.089638025947,128.92865656746727
2024-08-29,126.94059133889706,128.31579253577658,129.20372325096955
2024-08-30,128.2723961124404,129.57444515103384,130.28725355277993
2024-09-03,125.91754562416031,127.48262413701184,128.44163830538224
2024-09-04,125.74303112591618,127.33919162334507,128.31851491483263
2024-09-05,124.8879586710001,126.45988911268336,127.43666857188312
2024-09-06,123.13531178308016,124.81580765012578,126.01030132951064
2024-09-09,124.58263753455873,126.19708023115514,127.27227475922192
2024-09-10,124.65641958454441,126.2917313944684,127.40818779768165
2024-09-11,125.51110954862676,126.96306470823096,127.93591063659403
2024-09-12,126.53336522361622,127.91926686704653,128.76525488714887
2024-09-13,127.49591457428835,128.86184900254963,129.6070170130417
2024-09-16,128.174096497695,129.56256772715994,130.27115120315545
2024-09-17,128.02037160681186,129.32742820502716,130.00363234034074
2024-09-18,127.58166378908697,128.85594084958836,129.48562045950143
2024-09-19,129.22245610946635,130.33091810078344,130.81611817659052
2024-09-20,129.16835157045725,130.23032409286066,130.532905106858
2024-09-23,129.73559372354757,130.78570072116938,131.04185655785454
2024-09-24,129.80099982729823,130.8004956759107,131.00721273947482
2024-09-25,129.45995744114757,130.39670204958378,130.53251781388624
2024-09-26,130.09313188142383,131.02829265920758,131.19427036774255
2024-09-27,129.98120465510456,130.99615361482205,131.2564418427467
2024-09-30,130.29859272105247,131.30721591025974,131.56533603196058
2024-10-01,129.64532675385516,130.70549742046572,130.97094990769864
2024-10-02,129.7073772712913,130.70869347458827,130.94003172412994
2024-10-03,129.428356478397,130.40733287586062,130.66856592743628
2024-10-04,130.29321593553198,131.21721290952075,131.36047277025736
2024-10-07,129.3220352327499,130.17397649824065,130.23998046889096
2024-10-08,130.27823934977903,131.13239134092657,131.2273827778044
2024-10-09,131.3676244793148,132.23472780035777,132.29283393696133
2024-10-10,130.8502449918398,131.73879899302432,131.87653918042065
2024-10-11,132.00616080903333,132.8484601232693,132.8646659000509
2024-10-14,133.0367456649581,133.8682848981713,133.92420581490623
2024-10-15,131.86573690646517,132.7806231115977,132.81448515144882
2024-10-16,132.83929385302918,133.7031748800975,133.63778681288025
2024-10-17,132.76627481782282,133.66240268643543,133.57851024678166
2024-10-18,133.01212585083556,133.87273575918022,133.8148303108463
2024-10-21,132.29842500760762,133.15404659994414,133.13472059976036
2024-10-22,131.86885937505636,132.70898872473322,132.68148327329598
2024-10-23,131.4487557150941,132.29080758456226,132.12268736735018
2024-10-24,131.14091274760804,131.96615352934842,131.83921767521758
2024-10-25,130.5773093760352,131.38531373167493,131.3864940774523
2024-10-28,131.07626627487048,131.84615185858826,131.7777845225615
2024-10-29,130.87588077470937,131.6562549893624,131.68767347430088
2024-10-30,130.25216903408773,131.04000234537247,131.08279729851978
2024-10-31,128.82097930813197,129.67425253925376,129.61564113623405
2024-11-01,128.9021517924236,129.77894777430492,129.8662508254149
2024-11-04,128.7375512255407,129.63539701587615,129.7446151158026
2024-11-05,130.29472527858522,131.10105050623145,131.05087622463407
2024-11-06,133.30479557043643,134.04907856800236,133.88540077627556
2024-11-07,133.85836464004473,134.5691218904171,134.51121059278873
2024-11-08,134.85698167787447,135.52161883932723,135.18737807891523
2024-11-11,134.9920351096737,135.62734429737594,135.26247954993016
2024-11-12,134.3759797348817,135.0645485467623,134.82466490814647
2024-11-13,134.2914503294378,135.00445699667733,134.75858003961363
2024-11-14,133.18794850794413,133.8681333784752,133.7030812599215
2024-11-15,131.7662984433489,132.39526471754715,132.00991586783857
2024-11-18,132.32440306653515,132.93888621666798,132.48964596796216
2024-11-19,132.42807985738662,132.95052707674228,132.39901226136814
2024-11-20,132.92679465651673,133.50773045611217,132.96587442466958
2024-11-21,134.30044439668512,134.88838220782782,134.24787965293916
2024-11-22,135.15654999737487,135.73557855412258,135.0366950410456
2024-11-25,135.79042580179257,136.42824081342505,135.87201598959896
2024-11-26,136.21385795007834,136.89014517938654,136.3009736873049
2024-11-27,135.8288737594091,136.54884286853144,136.03973199681678
2024-11-29,136.39782352907685,137.0513169116522,136.51978937669455
2024-12-02,135.98739286520816,136.67224697015493,136.40325784572485
2024-12-03,135.7484205735295,136.36771840904902,136.0593328563975
2024-12-04,136.04663889363752,136.6414936489204,136.31736140872903
2024-12-05,135.66110500899163,136.24173981255336,135.84249605625467
2024-12-06,135.74555248611756,136.2212335550641,135.75024459213995
2024-12-09,134.37149898774732,134.9724901655373,134.8598103479241
2024-12-10,133.55198068644555,134.23265156855743,134.30678940486771
2024-12-11,133.92799342447483,134.45609839466027,134.3943821004572
2024-12-12,133.27539438818758,133.85311033834068,133.78945167594054
2024-12-13,133.33212682762448,133.7434259342457,133.32148993347715
2024-12-16,133.25654713833862,133.53146103046316,132.92415342566767
2024-12-17,132.36835049983466,132.7324432831607,132.32623815946812
2024-12-18,128.74090607725645,129.26484300739727,129.09143487830463
2024-12-19,128.49060513877382,129.04440647209435,128.8916004165381
2024-12-20,130.21361527343825,130.65728593823337,130.2748181698636
2024-12-23,130.7112534082484,131.0927750412779,130.76331122249684
2024-12-24,131.8698625040077,132.19295306958932,131.73970686332783
2024-12-26,132.05111923304327,132.35741050697465,131.87463890569188
2024-12-27,130.96968331812644,131.36140571866005,130.95158582498468
2024-12-30,129.5098930710604,129.91191926243266,129.53171950777948
2024-12-31,129.3855009423521,129.84490547243897,129.50104426399616
2025-01-02,129.37465054433974,129.7617877035048,129.25059654258797
2025-01-03,130.67195923063488,130.927662971875,130.25542504204685
2025-01-06,130.8950150307812,131.02395207268881,130.31567436909273
2025-01-07,130.01342655949347,130.29341641836848,129.74354941947615
2025-01-08,130.3335322278854,130.65469745315494,130.09372537256812
2025-01-10,128.48478292505123,128.78617301654563,128.2043096677989
2025-01-13,128.94192145501756,129.31064419075526,128.75936065808474
2025-01-14,129.76487863081525,130.0765251217633,129.27826164394125
2025-01-15,131.557188437796,131.70139623766562,130.78542753962884
2025-01-16,132.1038100349691,132.2501776816197,131.19913930850643
2025-01-17,133.12717654184712,133.11550954693672,131.86946236678793
2025-01-21,134.61347497818895,134.52676948302914,133.0887339601046
2025-01-22,134.96933941882594,134.80536853315616,133.44495021205907
2025-01-23,135.7452352826965,135.51778906358595,134.06081821220445
2025-01-24,135.4369648421961,135.25698406796266,133.8320334391105
2025-01-27,134.02383414515666,134.49604768277328,133.87635996513916
2025-01-28,134.1775594261567,134.4938003857044,133.80996595006764
2025-01-29,134.07024275019177,134.36577700531024,133.5986594718522
2025-01-30,135.60131959559985,135.82020980338984,134.88588721155833
2025-01-31,134.74831585444582,134.9602270461574,133.9483067952294
2025-02-03,134.52538216512988,134.82379281846454,133.7666863481812
2025-02-04,134.97405303660454,135.1906483066752,134.08313603244005
2025-02-05,136.20679664653233,136.34283207429553,134.98201219075162
2025-02-06,136.43398468145432,136.45624071583703,134.9244459921906
2025-02-07,135.64713921946068,135.68575132913995,134.11605680303703
2025-02-10,136.51382198055688,136.48311601193802,134.8466930725839
2025-02-11,136.56818196995974,136.6098944141986,135.08752966727565
2025-02-12,136.2741455595161,136.28378727809968,134.71548212672843
2025-02-13,137.73545135434347,137.72784746930577,136.1345943123403
2025-02-14,137.4632420206454,137.31165983211142,135.52808794216105
2025-02-18,138.25656578239756,138.05243901456052,136.13933065883924
2025-02-19,138.57219347408437,138.46995346129438,136.68917897776709
2025-02-20,137.7968716098796,137.91086123293928,136.48340237636268
2025-02-21,135.64035427480974,135.9673169517199,134.7598692307842
2025-02-24,135.28938098366444,135.81266573243985,134.8041668326709
2025-02-25,135.26316799725203,135.91959574723919,135.01707381588002
2025-02-26,135.11287123263241,135.593099925949,134.48735446788098
2025-02-27,133.71411309318373,134.407440085707,133.4274169132761
2025-02-28,135.62390160966717,136.2729694640923,135.21430453332857
2025-03-03,134.00058835842563,134.87470737410717,134.01688407172588
2025-03-04,131.8498061199248,132.83011602765558,132.26711251955268
2025-03-05,133.04644285943633,133.92422023556026,133.26802090573477
2025-03-06,130.7680051270317,131.99849402259844,131.86721245861568
2025-03-07,131.54954815426532,132.87092334608298,132.80045768915164
2025-03-10,128.78538526195382,130.46460780391715,130.8492746579732
2025-03-11,127.45719700084133,128.94095518438206,129.01682703876372
2025-03-12,127.6806926086773,128.90280597180612,128.65217106218603
2025-03-13,126.53712238249815,127.89948698296165,127.64231783527293
2025-03-14,128.8975421177886,130.1087620551866,129.64448769034584
2025-03-17,130.52892118779369,131.7759310133794,131.26998543134437
2025-03-18,129.42540540562294,130.78734589983574,130.4229549063755
2025-03-19,130.66485308304308,131.87850258266766,131.29511689692964
2025-03-20,130.22057729985087,131.4106973936141,130.78822656230025
2025-03-21,130.05994990056294,131.19752991260134,130.47321821001572
2025-03-24,132.21216911286703,133.11645083918688,132.08928694568124
2025-03-25,132.25989402842427,133.10662864853725,132.03722925940778
2025-03-26,131.35113255481428,132.45723852245322,131.68690221112402
2025-03-27,130.85576667737553,132.13451075678663,131.62358121537528
2025-03-28,128.84678343434746,130.25091785692717,129.79575675885718
2025-03-31,129.8655723738942,131.32497535728723,130.90838249296905
2025-04-01,130.09860288388478,131.4757244068868,130.95739985843807
2025-04-02,130.97466799136203,132.23263936362463,131.5271739110535
2025-04-03,125.72802069712411,127.49061423727315,127.3230926059001
2025-04-04,118.0409031487992,119.82300691833255,119.975186948404
2025-04-07,117.6637313200229,119.22199406094613,119.04573949456434
2025-04-08,116.07076729512086,117.63787875674205,117.46198011720438
2025-04-09,125.37970833553668,126.48041813496042,125.72934365931569
2025-04-10,121.87240627965774,123.18790113511334,122.67504324705101
2025-04-11,123.68406223470988,125.0313365042006,124.57381734082502
2025-04-14,124.99311749458401,126.39726972083949,125.94072232488972
2025-04-15,124.97014413755173,126.27830955924281,125.64377960063712
2025-04-16,122.85054441815096,124.2556607485239,123.6828741145363
2025-04-17,123.27811420047,124.67246586586054,124.06482236481372
2025-04-21,120.57118079208178,122.01090550922805,121.52055602661532
2025-04-22,123.52233429110947,124.88814684282062,124.25169670879458
2025-04-23,125.1756816974209,126.3272440575008,125.36577207885433
2025-04-24,127.15828692651834,128.12605449410754,126.99358749551061
2025-04-25,127.44625112399329,128.2974963774218,127.07506129731871
2025-04-28,127.91886149890021,128.76137687119183,127.45245014810399
2025-04-29,128.69971235578672,129.55790754014367,128.23970769496356
2025-04-30,129.13021395512703,130.0682719070899,128.8184497113415
2025-05-01,129.25297787013386,129.9954320118006,128.49071330929036
2025-05-02,131.42651656868819,132.04203638201076,130.3070357219671
2025-05-05,131.1099266471345,131.73710741081078,129.9918076254009
2025-05-06,130.1704174366145,130.8461225586584,129.12608233098183
2025-05-07,130.8993838479752,131.55627971201176,129.78447255686487
2025-05-08,131.48642027826807,131.9880643662692,129.94958763082147
2025-05-09,131.24293421070794,131.73004317718423,129.6463573494192
2025-05-12,134.3901095962663,134.64589322332804,132.38956820698525
2025-05-13,134.93353351147516,134.91105286294865,132.14671538176643
2025-05-14,134.57561332851517,134.42934970921573,131.55002763554444
2025-05-15,135.88620348993967,135.9073161490307,133.18445103654827
2025-05-16,136.9239345343141,136.97115106386286,134.23712138937444
2025-05-19,137.2284865477343,137.30556972971542,134.61919882029096
2025-05-20,136.84446841402206,136.94574355395173,134.27301648774895
2025-05-21,134.51075550418255,134.67366368729344,132.16124432852115
2025-05-22,134.15503686112362,134.26215555008127,131.69087285445016
2025-05-23,133.52854526220182,133.65435380413336,130.95646965031173
2025-05-27,135.83129680756412,135.8289575263293,132.9814895783161
2025-05-28,135.01412410857466,134.95606447176266,132.01136678659086
2025-05-29,135.29346366166027,135.26453772962773,132.37712593361488
2025-05-30,135.6926764400028,135.67997676419853,132.73419215054096
2025-06-02,136.21945210295087,136.13738476416975,133.0785232561046
2025-06-03,136.9658325018732,136.82658130659996,133.72772667934706
2025-06-04,136.78458312191734,136.6161731247687,133.6336589936287
2025-06-05,136.26406077753646,136.17379589840203,133.37121757100243
2025-06-06,137.3321348444571,137.2446999073192,134.4179269796336
2025-06-09,136.95761317168808,136.83969448279862,133.9873202084816
2025-06-10,137.69752885398992,137.57217637506082,134.81220151003993
2025-06-11,137.4738365686713,137.29376427143592,134.38472686131124
2025-06-12,137.91353896044382,137.82683356822912,135.0471258644066
2025-06-13,136.35908135858693,136.28883269938376,133.40704221820187
2025-06-16,137.39603898299376,137.22211008550119,134.23934192364788
2025-06-17,136.24310151549446,136.08702441191156,133.10844688366353
2025-06-18,136.04745183351997,135.83668207607425,132.63783850033263
2025-06-20,135.9752706414578,135.7692794972482,132.44632535029612
2025-06-23,137.53136151319168,137.25070502090608,133.75549983428493
2025-06-24,138.9581058347104,138.59585357857858,134.99554901545235
2025-06-25,138.1650467592268,137.7787027456365,134.29950292755183
2025-06-26,139.0901370278166,138.6488004780545,135.04663152421995
2025-06-27,139.57976268756542,139.14452802207674,135.63403585070836
2025-06-30,140.70635343140918,140.25889540947583,136.64977979051105
2025-07-01,140.98963222105758,140.71329349388895,137.47058544979495
2025-07-02,140.86030913703055,140.45310964327365,137.17610188474922
2025-07-03,141.90774359675459,141.48556091694607,138.08813203661228
2025-07-07,140.9823493633953,140.58090073195254,137.15847462951996
2025-07-08,140.85961562229826,140.494170966546,137.2609117418914
2025-07-09,141.4043269387204,140.99176588386385,137.73600188602225
2025-07-10,141.4431927303538,140.9961157030465,137.71804294609845
2025-07-11,140.47821114935363,140.01449967310236,136.75469886679284
2025-07-14,141.08273780433788,140.5642249543227,137.03391034456845
2025-07-15,139.68857332200204,139.1417473958379,135.672650309744
2025-07-16,140.16191307173756,139.65559420577966,136.22626268476955
2025-07-17,140.8208540846723,140.28163689354193,136.84316400917837
2025-07-18,140.66856278950291,140.13066370878252,136.65780814649736
2025-07-21,140.84083175090697,140.28186680224047,136.80004391629808
2025-07-22,141.18842309613,140.80780622244097,137.607935060964
2025-07-23,142.44786133872483,141.93925614288096,138.53061870147585
2025-07-24,142.02911925980413,141.57077466087895,138.28248633316747
2025-07-25,142.53781620830364,142.03614990228405,138.66540020016652
2025-07-28,141.97106995326573,141.38934808671746,138.02698153849946
2025-07-29,141.85899903405965,141.3376325062424,137.93853314452508
2025-07-30,141.49518971570166,140.90057779530346,137.33726362021756
2025-07-31,140.5762062038984,139.91482727411775,136.23822261944008
2025-08-01,139.32723721339212,138.76815644206945,135.20796902145597
2025-08-04,141.1870823530299,140.58245645872023,137.0138030162862
2025-08-05,140.5181696897588,139.8620464967422,136.16541336409392
2025-08-06,141.4389169415638,140.7240262396411,136.92165510514332
2025-08-07,141.03369865661176,140.26847726827208,136.29707246259352
2025-08-08,142.0561116444667,141.22335326422902,137.18970479349395
2025-08-11,141.88841315870542,141.03243794636947,136.94464674979469
2025-08-12,143.3214743794187,142.3568465979954,138.15713567508527
2025-08-13,144.0289837046558,143.19113411053488,139.32258527198056
2025-08-14,143.90664245516925,143.03710048119336,139.15537492580953
2025-08-15,143.44961748005656,142.67686192615335,138.92827165543255
2025-08-18,143.51337138069505,142.73025636525406,138.96423883859228
2025-08-19,143.44754659809456,142.84282417951607,139.3237678903363
2025-08-20,143.40242922782272,142.84603644953256,139.28294655842961
2025-08-21,142.9170955719113,142.38885303732468,138.89601386460666
2025-08-22,144.67442623790566,144.02774698187946,140.50100508967122
2025-08-25,143.8940094173489,143.18411087666746,139.59475214553936
2025-08-26,144.4198706771665,143.61054592500813,139.83328068744615
2025-08-27,144.7669950778852,144.00983986599874,140.30505909556916
2025-08-28,145.1341712965143,144.30600590598362,140.4567670707057
2025-08-29,144.5768406687178,143.8899558432409,140.27357862447795
2025-09-02,143.85774989314535,143.20695216530916,139.58675827766012
2025-09-03,143.99722945347818,143.3442746708099,139.8402039297891
2025-09-04,145.09309060848932,144.34463433123864,140.73019111080347
2025-09-05,144.83110694803383,144.0793764195064,140.37633414916343
2025-09-08,145.13399212830797,144.31558607198616,140.45199934278008
2025-09-09,145.58758920748264,144.7128189548818,140.6714367044485
2025-09-10,146.28703741567315,145.1290766708105,140.32732349412368
2025-09-11,147.62199253886615,146.5792332012735,142.05925923284713
2025-09-12,146.93225921772344,145.8273303540904,141.23579471796089
2025-09-15,147.1263822329588,145.94123583800484,141.2710144787068
2025-09-16,146.86317544464828,145.65469425508982,140.99965110248968
2025-09-17,147.21574745514158,146.06400435173464,141.5158524768115
2025-09-18,148.39406261800735,147.156417128239,142.41841657726212
2025-09-19,148.627595095345,147.33898873649042,142.49189020986225
2025-09-22,148.9902940472095,147.6756917942203,142.85964450026233
2025-09-23,148.88596471706057,147.62731274386627,142.8081463182143
2025-09-24,148.56056217173713,147.3671006194301,142.65191235312415
2025-09-25,147.868571514499,146.67600730521093,142.00044696475337
2025-09-26,149.02331455575097,147.87538787779746,143.24550871251813
2025-09-29,149.45098287077698,148.28052930857982,143.63125784829805
2025-09-30,150.0124946494426,148.85297406443695,144.265935319728
2025-10-01,150.65621997844806,149.46176261842024,144.99619284893615
2025-10-02,150.72607376907985,149.51325507533903,145.1010308714707
2025-10-03,150.78707406431684,149.65968423990705,145.43610765526404
2025-10-06,150.75646613036554,149.62452046074938,145.4475775103563
2025-10-07,150.3732746461248,149.27215002217415,144.99864670827782
2025-10-08,151.04071564027845,149.89369461588387,145.54828249857988
2025-10-09,150.33957442861106,149.14618715153878,144.68545984635173
2025-10-10,147.12336575290163,146.13025122237056,141.8773132240399
2025-10-13,148.84064305132694,147.66787936953392,143.04959273150928
2025-10-14,149.22696413917208,148.10973929746675,143.5725147407538
2025-10-15,149.6772840503599,148.4537567740373,143.83205034539114
2025-10-16,148.43750977723386,147.2014943610609,142.61330211725755
2025-10-17,149.10511389393946,147.94346787158776,143.52645645707116
2025-10-20,150.3566070963125,149.17527743182478,144.83028390560978
2025-10-21,150.76098310807723,149.5931825285876,145.3431152091598
2025-10-22,149.79902008751606,148.74584529522608,144.68040546716486
2025-10-23,150.48215569653215,149.30460605010802,145.10418247000462
2025-10-24,151.5040921558379,150.21148173685128,145.76347541521287
2025-10-27,152.78886162266156,151.4293142132931,146.96361663766055
2025-10-28,152.4793164934748,151.03720055379972,146.5168384532895
2025-10-29,151.71635886696498,150.14277098811598,145.45877753470887
2025-10-30,150.61086195612546,149.24409438036642,144.9144431783825
2025-10-31,150.85676858255857,149.44673562902858,144.96544589290042
2025-11-03,150.57569609945926,149.13829038186992,144.66932626312936
2025-11-04,149.01297465621246,147.79633913372606,143.70077745712672
2025-11-05,149.90383423920792,148.62697599927526,144.47343940092856
2025-11-06,148.56822227940344,147.36027462722714,143.32581492406553
2025-11-07,149.25694627187403,148.06729503934451,143.9012410527617
2025-11-10,150.94016082038073,149.59850391917408,145.23132636648896
2025-11-11,151.3004307757356,150.09991277396364,145.9460076953599
2025-11-12,151.8192896899289,150.63142968871819,146.53772239557497
2025-11-13,149.81572198189198,148.83474136613273,145.17629823323216
2025-11-14,149.76898299125693,148.79350230146878,145.05143614210073
2025-11-17,148.12053852638763,147.23966488872912,143.59782685846818
2025-11-18,147.5546426050197,146.73059818189176,143.10300113653432
2025-11-19,147.56787113310114,146.65066126400723,142.97575769316896
2025-11-20,145.24547748463306,144.51632398824205,141.17102875539067
2025-11-21,146.93887630578143,146.281723203536,143.24366148188477
2025-11-24,148.34806358813216,147.47477394818276,144.08407089375257
2025-11-25,150.04057384341382,149.17807819253372,145.84475004661033
2025-11-26,151.26944368376888,150.2804100208885,146.69529153418924
2025-11-28,152.42662364080752,151.35821788953092,147.55206702175875
2025-12-01,151.524226904457,150.46638748429552,146.87384442411712
2025-12-02,151.9637484289716,150.80422604736472,147.13547586328795
2025-12-03,152.74856823525798,151.5567774677799,147.844477997237
2025-12-04,152.8348733385451,151.57738572941767,147.6839635084666
2025-12-05,153.30750115841494,151.99752559604275,148.0147423894235
2025-12-08,152.88377148498284,151.46653391095927,147.24512205481358
2025-12-09,152.84002335050832,151.38405639295274,147.1176168004211
2025-12-10,154.25890854592407,152.66872665955609,148.1916931626978
2025-12-11,155.00496456929088,153.4983277473531,149.22790625853938
2025-12-12,153.18819152158693,151.98101257393253,148.32890673113212
2025-12-15,153.16147438040682,152.01069833982666,148.5110001528177
2025-12-16,152.43859543773937,151.22349110570914,147.6007177870921
2025-12-17,150.90045974321157,149.95401243529827,146.81916148722277
2025-12-18,152.15808089061338,151.0288224885322,147.5559405134741
2025-12-19,153.68442732855436,152.3524207749087,148.39375696499602
2025-12-22,154.74203025131413,153.38025573931398,149.30637648200104
2025-12-23,154.8569463663326,153.46778381969267,149.32614930522482
2025-12-24,155.5875857125457,154.17114302632694,149.99124105352846
2025-12-26,155.56103164801053,154.1653097945834,150.0414663251653
2025-12-29,155.17254421236615,153.83628685811163,149.82995232496663
2025-12-30,154.89139461569698,153.57210540074357,149.59796832781728
2025-12-31,153.55409875454262,152.26155018305602,148.38592828951306
