date,equal_weight,inverse_volatility,offline_fixture
2020-12-31,100.0,100.0,100.0
2021-01-04,98.84137839968585,98.83763929485917,98.83370650215011
2021-01-05,99.4945227478452,99.45319119586588,99.5468643107082
2021-01-06,100.29246502681744,100.21096042147423,100.53745345007019
2021-01-07,101.82317939210647,101.7036225955548,102.04675259691497
2021-01-08,102.3830781986846,102.28375788074558,102.4967089185251
2021-01-11,101.99702573592127,101.8675861927541,102.22774296782161
2021-01-12,102.28347022329808,102.0873640369705,102.63047627403623
2021-01-13,102.45539357975323,102.24693855219628,102.81709075609433
2021-01-14,102.48880559453795,102.20827628708388,103.0464276700971
2021-01-15,101.76329477944174,101.53240638293413,102.25271478708963
2021-01-19,102.6159054264437,102.36865784016138,103.1159016848846
2021-01-20,103.75176409644874,103.50660755429122,104.18804523055695
2021-01-21,103.8526043912489,103.57689201423318,104.32095505412951
2021-01-22,103.24696030609479,103.00654776554364,103.60984090715888
2021-01-25,103.51940012042141,103.30873093328798,103.82627609900187
2021-01-26,103.11340996940638,102.914393574936,103.44159094687527
2021-01-27,100.52457924012735,100.33555764369353,100.89043291377284
2021-01-28,101.45103474482235,101.25132809808382,101.77674456405562
2021-01-29,99.82719871516986,99.63051429936961,100.15978606079803
2021-02-01,101.34273284683493,101.12546313770466,101.64680005339362
2021-02-02,102.70562199683346,102.47696477642201,102.93268890821079
2021-02-03,102.56172631273381,102.30371822429706,102.91115111891061
2021-02-04,103.68273055665526,103.40252865325971,104.08570042970135
2021-02-05,104.24493613163474,103.96707882309003,104.6016610348177
2021-02-08,105.21394229414138,104.8960041110277,105.71015043236514
2021-02-09,105.19634796964712,104.88045212889327,105.69603274097315
2021-02-10,105.07271997587087,104.75281221231528,105.601307209392
2021-02-11,105.60051781480922,105.26009636087312,106.12991364907096
2021-02-12,106.10165886006837,105.735311442134,106.69303406338194
2021-02-16,105.78972622777607,105.39896394729249,106.4561600492583
2021-02-17,105.72350450923557,105.34645935376884,106.44103858048804
2021-02-18,105.37782961532574,105.02511626653889,106.06304125667464
2021-02-19,105.26963994548329,104.85170649890074,106.19090405693112
2021-02-22,103.97782565056933,103.58606154508614,105.10291618424527
2021-02-23,103.88736084321289,103.51087309732443,105.03703859121683
2021-02-24,105.11597601289304,104.68151855743668,106.52602409344254
2021-02-25,102.38523821849013,102.02920424567218,103.69755813652456
2021-02-26,102.12117558087647,101.73530255277132,103.40517480178335
2021-03-01,104.542329737223,104.11740903170963,105.86853657741997
2021-03-02,103.64058062092873,103.24085266415975,105.02168327878303
2021-03-03,101.90814050817167,101.51590113864016,103.60092014671066
2021-03-04,100.2056315108651,99.85094920400017,101.90502836731024
2021-03-05,102.27334806947351,101.91751344898815,104.12724786086972
2021-03-08,101.71860413349756,101.38759216029774,103.86304915223528
2021-03-09,103.46187098755343,103.0833864122414,105.36581046331581
2021-03-10,104.06273597687121,103.67634394163488,106.10243252673834
2021-03-11,105.301510992686,104.8693296115994,107.21802390027041
2021-03-12,105.46428743709272,105.02395151164615,107.58896969600244
2021-03-15,106.44075166940381,105.98820166829564,108.57604045055278
2021-03-16,106.28185392700279,105.85382533513945,108.35900706444059
2021-03-17,106.54603898234232,106.06187419224396,108.82287400935446
2021-03-18,104.80561229556997,104.36757614025149,107.16518527041357
2021-03-19,104.88640374173744,104.42555353702677,107.23278985743394
2021-03-22,105.83293616851834,105.3757496000697,108.10085050668833
2021-03-23,104.81932921246943,104.44137096358862,106.73046499986827
2021-03-24,103.80059042332,103.47486562515944,105.706990277051
2021-03-25,104.37485843914098,104.03609767905826,106.4461707786581
2021-03-26,106.30413173058857,105.95904958343654,108.40081664295548
2021-03-29,106.1116784875927,105.82044797280643,108.07396425351183
2021-03-30,105.90854025411664,105.56174348738823,108.037058116555
2021-03-31,106.37994862561098,106.01348873472016,108.35405453089449
2021-04-01,107.5525055305743,107.16523086028829,109.53107478482934
2021-04-05,108.93839692885513,108.53232439676142,110.9501248426714
2021-04-06,109.03795308299611,108.61594278105537,110.98679097211604
2021-04-07,108.91373837784442,108.48563596901025,110.85383962203929
2021-04-08,109.47823099283254,109.01296920615974,111.29258358357603
2021-04-09,110.13413770108053,109.65674190389154,111.9497094056928
2021-04-12,110.15350824117596,109.68014286954774,111.87871839084528
2021-04-13,110.58478217943082,110.0891535876408,112.05654698206604
2021-04-14,110.11417589747565,109.65768447437215,111.71545902158248
2021-04-15,111.44398552035787,110.97543695744275,112.90046538922954
2021-04-16,111.74993778438925,111.31647717713813,113.24073510926769
2021-04-19,110.96109668329376,110.5847724946932,112.44990934792757
2021-04-20,110.24051683437916,109.96438503065343,111.57289809931834
2021-04-21,111.30539844918133,110.9677570254527,112.80448867411593
2021-04-22,110.50036085231052,110.182835523805,111.94120996435126
2021-04-23,111.50840140603661,111.14162884473706,112.91696933628133
2021-04-26,111.71877835244061,111.27404095248366,113.14762811299647
2021-04-27,111.58529298255027,111.12991857659134,113.0790828977918
2021-04-28,111.32987775168996,110.88162304523979,112.82443237919675
2021-04-29,111.77764941511512,111.36443215168941,113.33103497547629
2021-04-30,111.05225692135924,110.6839539739604,112.54534064819143
2021-05-03,111.38132281620756,111.0482695414481,112.99306343799083
2021-05-04,110.5523615896051,110.29357496738524,112.28160932899641
2021-05-05,110.57563899886262,110.30095542053992,112.47246372002263
2021-05-06,111.33052444812762,111.0740623632558,113.31941468774855
2021-05-07,112.21226961477385,111.90422860717453,114.2542777364995
2021-05-10,111.10607409170736,110.96808589304533,113.19744632696417
2021-05-11,110.28131936562072,110.10060857051889,112.22930357008057
2021-05-12,107.67387206027196,107.607173844589,109.53492364093083
2021-05-13,108.94393508065058,108.9086190821373,110.94185313249555
2021-05-14,110.58440701809778,110.4481400560448,112.60855846910917
2021-05-17,110.2390550892475,110.08496597247236,112.37771285882076
2021-05-18,109.3985241488162,109.282737763494,111.40536483693403
2021-05-19,109.17110551950958,109.03074441475081,111.15631159611847
2021-05-20,110.62048120877337,110.44302760248067,112.51100336067391
2021-05-21,110.55028312319544,110.3576481825628,112.55076449486924
2021-05-24,111.54515098855185,111.27337915520403,113.5021988563606
2021-05-25,111.19375748703084,110.91870079268128,113.01710577455768
2021-05-26,111.57846566702138,111.23459650283459,113.44970257746712
2021-05-27,111.99563173579287,111.57115761412518,114.00321939044224
2021-05-28,112.05935686884824,111.67906926504106,113.99905176968699
2021-06-01,112.14525596145982,111.65263369655017,114.15881153742984
2021-06-02,112.38350586673343,111.93126198697647,114.42917455472505
2021-06-03,112.1228640321602,111.70535048262813,114.22751896694155
2021-06-04,113.06701274470416,112.64023063077177,115.1321171599124
2021-06-07,113.00655744721901,112.5805827814147,115.02774708665697
2021-06-08,112.89524801832873,112.46564876526381,114.9095366145549
2021-06-09,112.50466030132793,112.167640581282,114.45786368772
2021-06-10,112.85280979637255,112.6069441850589,114.71773808795541
2021-06-11,113.10344413214831,112.80420809671776,114.99640288146466
2021-06-14,112.88189596725272,112.65510606633053,114.64130244791932
2021-06-15,112.6193101645776,112.38294913207456,114.47432898116523
2021-06-16,111.8256978680717,111.56092478565589,113.60862396671473
2021-06-17,111.27787184674065,111.15322991481779,112.83444424478236
2021-06-18,109.68248185258595,109.59959333208033,111.10917645422482
2021-06-21,111.33919687910324,111.21840252474871,112.839654508679
2021-06-22,111.79324655592393,111.66089179710491,113.20941617922254
2021-06-23,111.73365163760053,111.50756806516898,113.13319021520465
2021-06-24,112.67665329797359,112.40132781132436,114.08859148080315
2021-06-25,113.32022415599698,113.0834818094898,114.71494546659942
2021-06-28,113.49719158572071,113.27898957627318,114.81645589437512
2021-06-29,113.47060163729313,113.25489300611119,114.71598700237956
2021-06-30,113.56342396578012,113.31320029216214,114.86187391839101
2021-07-01,114.0558004271957,113.84284913529174,115.33916173795754
2021-07-02,114.50982558524879,114.36201901943532,115.69990835874157
2021-07-06,113.74352044328441,113.71912043889182,114.76705385182076
2021-07-07,113.94808761104768,114.02224299021435,114.93254902566056
2021-07-08,112.88441735288635,113.01079501166976,113.82258743680129
2021-07-09,114.3889474552716,114.37901568557623,115.42924797541548
2021-07-12,114.9208650742451,114.81492726609972,115.96460454392187
2021-07-13,114.23459216208059,114.22029850297513,115.18621518214493
2021-07-14,114.15136005828131,114.23487713140946,115.11231407827988
2021-07-15,113.87675355321474,113.99445008657489,114.78731135429521
2021-07-16,113.08417094555043,113.3310899102018,113.86164612890722
2021-07-19,111.61038662261029,111.90557062365673,112.29955184317403
2021-07-20,113.38065654832299,113.53451120984445,114.16277651960658
2021-07-21,114.43106569724905,114.42664054687856,115.28826700529373
2021-07-22,114.3164504974694,114.39190286189384,115.0533136820577
2021-07-23,115.34524781955704,115.45972783084741,115.92718496016079
2021-07-26,115.58992709524051,115.63718346013923,116.2629828701779
2021-07-27,115.10494962433441,115.25877802965204,115.77217478013985
2021-07-28,115.27089365169851,115.34123917254317,115.930492194201
2021-07-29,115.9980530016346,116.01204328344707,116.79447496952238
2021-07-30,115.59310850477416,115.6666412346168,116.3443395428376
2021-08-02,115.43986132273744,115.50417777544303,116.185482556894
2021-08-03,116.50952860827705,116.51489052960623,117.27829320882822
2021-08-04,115.8467900684035,115.86974935114577,116.52265262742465
2021-08-05,116.6280704504825,116.57653369388086,117.27984647162957
2021-08-06,116.99550953430392,116.8704990949568,117.67665792323558
2021-08-09,117.18682266918269,116.99944007666927,117.79166130765475
2021-08-10,117.46431685837715,117.22097990404885,118.1079248311375
2021-08-11,117.72252690131126,117.48316435313401,118.42115241025408
2021-08-12,117.73094593814085,117.51192078255843,118.37668181044907
2021-08-13,117.80510138651157,117.67843500997662,118.46771742113432
2021-08-16,117.87393893516911,117.88241864582503,118.5759379986704
2021-08-17,117.04756992181376,117.18186923116363,117.7155164674612
2021-08-18,115.8393322892502,115.93339140619489,116.48325169888072
2021-08-19,115.57156590615129,115.82343669794464,116.20275564621488
2021-08-20,116.44415385117816,116.70810480773298,117.07746114761571
2021-08-23,117.49104137662724,117.59649122207944,118.09423713325825
2021-08-24,117.81677392913035,117.80684868907392,118.43942821839079
2021-08-25,118.24408778203582,118.15000550183856,118.8632090108575
2021-08-26,117.44093906214594,117.36833324230331,118.0194856279875
2021-08-27,118.57549772893243,118.41351564950378,119.17003441256325
2021-08-30,118.58171509245706,118.50155138967429,119.15616339599194
2021-08-31,118.36413557745058,118.29173774565565,118.95331911381186
2021-09-01,118.27730558180579,118.26874503813849,118.79854620541954
2021-09-02,118.79913845506894,118.77132080042276,119.26076639383237
2021-09-03,118.67401525366334,118.64665816127567,119.13866858960724
2021-09-07,117.9185196881346,117.79070134965978,118.34882238869204
2021-09-08,117.66059356637982,117.66423620947043,118.09917463198508
2021-09-09,117.36424837489258,117.27238939195595,117.77390290567216
2021-09-10,116.65961599668057,116.58291500906734,117.08015634123059
2021-09-13,116.93422397354301,116.78069884327111,117.32359399988633
2021-09-14,116.113440776026,116.00862583509809,116.53016561039115
2021-09-15,117.20370307313277,117.0052984717659,117.57910505660851
2021-09-16,117.00506916811172,116.78579592617754,117.3792454229374
2021-09-17,116.0588457547622,115.83100637602381,116.38809046079342
2021-09-20,113.99625416763844,113.93315779370224,114.34852566520793
2021-09-21,113.81250822568413,113.75616481444493,114.16599869727271
2021-09-22,114.91585124982055,114.74685358463948,115.21769172478749
2021-09-23,116.4016503189585,116.10108605212633,116.661735691822
2021-09-24,116.46581353458097,116.13634005695855,116.71492756098957
2021-09-27,116.39281746893266,115.90898240276174,116.57879759716957
2021-09-28,114.26907147945691,113.85349878405496,114.41820173542514
2021-09-29,114.28514245490129,113.99205821929857,114.45870119645144
2021-09-30,112.91612591978999,112.64794235705753,113.09004489776811
2021-10-01,113.90167076046129,113.5913618185957,114.09632125871074
2021-10-04,112.7394988874883,112.43859962514068,112.85305843971418
2021-10-05,113.84869622074388,113.48650586932149,114.01721496846228
2021-10-06,113.9407243323664,113.64729068143993,114.10677402581805
2021-10-07,115.11869537577032,114.79397585925548,115.29262399035477
2021-10-08,114.91606121229873,114.56431495323184,115.10269204500321
2021-10-11,114.16126044733603,113.84046689541685,114.33688722403213
2021-10-12,113.98007678479688,113.6684694467874,114.16363267508541
2021-10-13,114.48049871447698,114.20617438279294,114.68510754763983
2021-10-14,116.46813608399944,116.14891950394977,116.70042513091812
2021-10-15,117.1606316453753,116.75150757758564,117.44184385419322
2021-10-18,117.5131287367713,117.07242231271073,117.85380429590948
2021-10-19,118.31606754284368,117.90837014810792,118.65603456151521
2021-10-20,118.91311975607788,118.51960899456552,119.21066745072835
2021-10-21,119.17174136487719,118.8281965245659,119.49001534463952
2021-10-22,119.07706744507183,118.80022982741023,119.38855858411185
2021-10-25,119.82632707114769,119.42046116638957,120.22198119005766
2021-10-26,119.50404886141271,119.12835631377942,119.9003358236959
2021-10-27,118.13391466260828,117.80392199457302,118.55285808673854
2021-10-28,119.45241813808036,119.01878746343527,119.91131400032997
2021-10-29,119.77210742367018,119.3781173980255,120.2679295271443
2021-11-01,120.34981543088509,119.80388930301874,120.83737607994571
2021-11-02,120.75136251474143,120.26616698635226,121.17692246873548
2021-11-03,121.44241076731255,120.90114371366025,121.87324983158081
2021-11-04,121.6661368837901,121.20568741876647,122.01315524056204
2021-11-05,121.7740680935853,121.23696818820102,122.08031869212473
2021-11-08,122.03456580287903,121.46910117942991,122.35164404670778
2021-11-09,121.54346679175345,121.12169351555166,121.64942104435615
2021-11-10,120.8208892515473,120.48591656175955,120.82373862417879
2021-11-11,121.117909595703,120.71759220498043,121.12704704484744
2021-11-12,121.89120603175975,121.5244789681335,121.87502592056958
2021-11-15,121.82989001996776,121.49983770157266,121.76579667862137
2021-11-16,122.09110390403,121.76790643719286,122.0913400815323
2021-11-17,121.34906089676784,121.06657729218048,121.31166271776928
2021-11-18,121.13966698563442,120.86018454714099,121.13978017855075
2021-11-19,120.72485017392086,120.5329249362409,120.6791767283546
2021-11-22,120.78726435109257,120.46818421525461,120.75946744852467
2021-11-23,121.07193146805967,120.7460145057303,121.00030962775077
2021-11-24,121.35293071568353,121.0258302318675,121.32934162651966
2021-11-26,119.07855093329835,118.84635683202666,119.02499777181802
2021-11-29,120.23216811790631,119.96331808113239,120.2949134947954
2021-11-30,117.51092791119345,117.30168988043766,117.53023656894932
2021-12-01,116.0985759549107,116.00259253458839,115.92359629844454
2021-12-02,118.09080823365699,117.97417392775026,117.86602359222732
2021-12-03,117.1224305276389,117.17730028053087,116.75740161692144
2021-12-06,117.86625846159433,118.013648330666,117.43008484483072
2021-12-07,120.33161621824014,120.27505933736686,120.04305652525818
2021-12-08,120.37520749958563,120.33217282633925,120.10347906226687
2021-12-09,119.38404298441426,119.4578139417385,119.03599455562065
2021-12-10,120.55253808526956,120.62282406933605,120.18652912323314
2021-12-13,119.63083778086525,119.91634199222679,119.1911311696433
2021-12-14,118.75678084891281,119.07311787822405,118.26551975389611
2021-12-15,120.74932174342663,121.02079128223184,120.34160618025744
2021-12-16,120.15513146698146,120.5419205509829,119.54285626536819
2021-12-17,118.85794635702155,119.23630816498252,118.2422466688545
2021-12-20,117.48576843815765,117.97221667003507,116.80337812202244
2021-12-21,119.53888288348145,119.86957357949413,118.91409837753363
2021-12-22,120.57388461804916,120.86476220102188,119.97061104908863
2021-12-23,121.40611353078954,121.64457513699688,120.81416726760192
2021-12-27,123.10846724577988,123.30210702382186,122.5813245766814
2021-12-28,122.85972159449021,123.13871396671212,122.26691354347669
2021-12-29,123.20472375158832,123.51719666007784,122.59006299245216
2021-12-30,122.93248878235251,123.27832431637694,122.29399567797405
2021-12-31,122.69847682773735,123.05710478073206,122.04427331276528
2022-01-03,122.95741807536399,123.17493284612365,122.23116244541355
2022-01-04,123.24032079209081,123.41140974328133,122.40444942620672
2022-01-05,120.88280384460442,121.23429362583306,120.02858741123336
2022-01-06,120.9634550695886,121.23140889561935,120.07694906274071
2022-01-07,120.40000377328411,120.69395465313508,119.47210386306665
2022-01-10,120.32625519288821,120.55000870498378,119.37096067426884
2022-01-11,121.28333545837376,121.43125908485905,120.3020987397596
2022-01-12,121.5313422548035,121.65054053752056,120.54415542788394
2022-01-13,120.04399223547547,120.29554484760757,119.00233725071138
2022-01-14,119.91062463797623,120.1386047057633,118.82319528612419
2022-01-18,117.70580023528538,118.09016757647953,116.68471544986403
2022-01-19,116.4426484763142,116.95619248022334,115.5296993010742
2022-01-20,115.01841379128369,115.55106832892432,114.14267053510679
2022-01-21,113.04850683454647,113.70861055043292,112.22606204715504
2022-01-24,113.62442167963411,114.28511161964326,112.80431184338569
2022-01-25,112.16561431010167,112.78942645827843,111.30329018685413
2022-01-26,111.52556199766519,112.03568171731777,110.66137177209215
2022-01-27,110.75501435057346,111.3882393188577,109.95026891926722
2022-01-28,113.30509214099692,113.95881127986314,112.52907472569696
2022-01-31,115.35060757100523,115.86789409937867,114.56580523793356
2022-02-01,115.99875675067308,116.42593928368424,115.18815986402436
2022-02-02,117.18408929978224,117.64164570429404,116.36382182910572
2022-02-03,114.88961802670349,115.43328495137544,114.14882385780282
2022-02-04,114.84803623831544,115.25815901207034,114.02905056041392
2022-02-07,114.70662112186807,115.10741224078512,113.92041370589034
2022-02-08,115.31806734286972,115.6801252528422,114.53243306935792
2022-02-09,117.35970057206734,117.61161945896,116.52428077294324
2022-02-10,115.18960437622795,115.41052340375029,114.40014578571302
2022-02-11,113.15364394638277,113.53828206893373,112.45389434844692
2022-02-14,112.39307712721737,112.807424491326,111.68908426433757
2022-02-15,114.20174347770775,114.46724372415798,113.45986418441015
2022-02-16,114.20506331088825,114.43651092428794,113.45849447703776
2022-02-17,111.79429757154493,112.21894345452465,111.13293698133927
2022-02-18,111.06405977316354,111.570695766308,110.42642679818321
2022-02-22,109.81491578310205,110.36063915101647,109.18337181187542
2022-02-23,108.07025043821173,108.68153723518694,107.48387513587343
2022-02-24,109.70089589634873,110.18478015934382,109.00622847895687
2022-02-25,112.2555052486797,112.77082316933144,111.56899748224261
2022-02-28,111.88305305450166,112.32524686009128,111.17314289607508
2022-03-01,110.44658699251846,111.00827488854243,109.71992071979854
2022-03-02,112.80723438031296,113.30181572276155,112.22025009229708
2022-03-03,112.23707381526604,112.89026830051395,111.66522729196382
2022-03-04,111.38886088566369,112.2485760518686,110.75122188235994
2022-03-07,108.2868302920918,109.34065225862113,107.69241199752685
2022-03-08,107.24705558649046,108.16512860646802,106.70294426858054
2022-03-09,109.97107228782005,110.711075438307,109.29374136299994
2022-03-10,109.4362340138239,110.20601590625344,108.73189202651382
2022-03-11,108.07019620433697,108.93667622736523,107.44059484214344
2022-03-14,107.29812790979952,108.25058869684172,106.69021846247952
2022-03-15,109.4665312546449,110.37739527807116,108.76531619349834
2022-03-16,111.78224403087253,112.49329608853006,111.01167514902328
2022-03-17,113.25620549425538,113.92547603171852,112.40374838633805
2022-03-18,114.52709619591103,115.08969314008232,113.52376340740616
2022-03-21,114.35127091400216,114.90731541332508,113.36193058791623
2022-03-22,115.54852445281159,115.9892952468421,114.50728770958112
2022-03-23,113.91079342489476,114.3864823588901,112.89964065322897
2022-03-24,115.56284256775663,115.97745241735768,114.54607140276318
2022-03-25,116.03092363244275,116.4986502863145,115.08763245801826
2022-03-28,116.76111993079274,117.19813929831204,115.63741937524077
2022-03-29,118.4331822158446,118.84829362433504,117.27586375999724
2022-03-30,117.59125225956934,118.10855932988056,116.41590069755507
2022-03-31,115.9597943327595,116.53718844740806,114.6881123316803
2022-04-01,116.20496591138172,116.83452043007188,114.86385602188236
2022-04-04,116.90581937316288,117.45917705322229,115.47784970567021
2022-04-05,115.35807329993622,116.07913624209263,114.0389590905474
2022-04-06,114.62361532761251,115.53639862400809,113.45417736445935
2022-04-07,115.29577003878153,116.21258257799755,114.10861761373214
2022-04-08,115.27342702321003,116.24776237040074,114.1742256957773
2022-04-11,113.76151601490888,114.79031744752822,112.79760017425315
2022-04-12,113.2759700651999,114.29810389224131,112.32613303692078
2022-04-13,114.40622977380748,115.38103910175634,113.39342677672838
2022-04-14,113.20113334704479,114.2643219497611,112.28557422684295
2022-04-18,113.0241398275942,114.010764471986,112.0971862719438
2022-04-19,114.8768470571754,115.81847841542651,113.86849932913123
2022-04-20,115.09188214365116,116.08587469413496,114.14732942122038
2022-04-21,113.42359538334534,114.51919446705575,112.60242415456288
2022-04-22,110.32301598283598,111.44521935083692,109.5539856189653
2022-04-25,110.9768891415066,112.07610896372486,110.16585868066063
2022-04-26,108.09632238273396,109.30235224452869,107.40783727381861
2022-04-27,108.04910655427284,109.27135322078425,107.36579417843076
2022-04-28,110.47453902069174,111.63689736532167,109.67820080272512
2022-04-29,106.67011355902295,107.81783380484069,105.93570208580522
2022-05-02,107.37676251091108,108.39275154318094,106.54873602750028
2022-05-03,108.10183672253359,109.09540780119895,107.37808586184534
2022-05-04,111.25123203141698,112.18735277179091,110.49921482419262
2022-05-05,107.55512870328161,108.60073489053786,107.03019060299279
2022-05-06,106.70578449175014,107.78916887554956,106.27024193442941
2022-05-09,103.48119621561214,104.74053685843035,103.20523919727125
2022-05-10,103.59437750110222,104.81132944666675,103.24639609238619
2022-05-11,102.00449866141366,103.33046430279956,101.71382140208824
2022-05-12,102.30228630180326,103.64342280740271,102.01307945158472
2022-05-13,104.7897766062834,106.01504490259694,104.39569887933114
2022-05-16,104.3643346308943,105.67736739953382,104.05241801034695
2022-05-17,106.41336546046367,107.63965102976374,106.2034420264377
2022-05-18,101.9467505361594,103.19403258123828,101.81961482475037
2022-05-19,101.35514972773456,102.5715119542048,101.1426140080878
2022-05-20,101.59001196918689,102.86903871563153,101.33870684021774
2022-05-23,103.38372644019732,104.63137470641857,103.11290948030523
2022-05-24,102.74543556664129,104.15379473148869,102.55273949527356
2022-05-25,103.86138905857501,105.18987466349378,103.70205609022032
2022-05-26,106.1116843178095,107.33429170083167,105.87192257819328
2022-05-27,108.51550857946904,109.69850993999225,108.18369292916199
2022-05-31,107.50584369494909,108.69548424491347,107.24180165033819
2022-06-01,106.65291381960235,107.80407259689565,106.36233004186388
2022-06-02,107.98959874568811,109.18505662480399,107.64052210245165
2022-06-03,106.85082987367785,108.01411454242822,106.43636265733876
2022-06-06,107.02068839213268,108.17781472927919,106.63687445789985
2022-06-07,108.19493985963273,109.30344772321388,107.77919034572324
2022-06-08,106.82907222646053,107.89758901139979,106.30788356624844
2022-06-09,104.44369231275778,105.50364176387741,103.91144809981762
2022-06-10,102.14901682644992,103.20990114964626,101.52552229584899
2022-06-13,98.43150412315494,99.5061368791472,97.71733151719596
2022-06-14,98.12049984664876,99.18372600120992,97.49031717360188
2022-06-15,98.89289310318321,99.99717636740249,98.29864524648285
2022-06-16,95.97147741800718,97.09454744885267,95.23959516447964
2022-06-17,95.70673153843394,96.93382616823712,95.01781902522767
2022-06-21,98.1113371746911,99.30410703845882,97.36478932802714
2022-06-22,97.91358915866843,99.17017152635893,97.11625435625878
2022-06-23,98.81836913766672,100.16701756014048,97.88876558120725
2022-06-24,101.48115690482118,102.86605713435327,100.61059945029943
2022-06-27,101.58620941285075,102.9184972175573,100.72818716927152
2022-06-28,100.00400891656983,101.2646092469052,99.22522069430956
2022-06-29,99.77105335457593,101.08182581683488,98.86837460360806
2022-06-30,99.28115779313879,100.59168531866302,98.31709483508558
2022-07-01,100.14540673996407,101.48560902442836,99.12428557100282
2022-07-05,99.72497803363035,101.10730649688216,98.70359958918542
2022-07-06,100.0568367540617,101.4638967003745,99.00671689713492
2022-07-07,101.28991158791861,102.65952023581505,100.21270003249633
2022-07-08,101.23716297512107,102.5867313131038,100.14806086910218
2022-07-11,100.4761572230001,101.83172007381673,99.3981626525518
2022-07-12,99.76367690945084,101.11662635630972,98.75709261663457
2022-07-13,99.36299092972892,100.7149062983836,98.35249229160863
2022-07-14,98.93980327294618,100.28980311905724,97.88668134725329
2022-07-15,100.67290178166158,102.02373915025619,99.63205047675835
2022-07-18,99.80876814488127,101.12073032566562,98.78127518838517
2022-07-19,102.16330209787834,103.49351528372483,101.12071125333362
2022-07-20,102.32026224370767,103.63167874165642,101.23483929903576
2022-07-21,102.75821437978088,104.11446111941456,101.6530346899525
2022-07-22,102.09371501332114,103.44984416976266,100.99715375943406
2022-07-25,102.46563131463975,103.75418479820243,101.33807307027081
2022-07-26,101.82231097346212,103.12656044251618,100.73036814190075
2022-07-27,103.5324543741287,104.83691713291911,102.3939195546429
2022-07-28,104.75460247853869,106.10221074601469,103.58669854008015
2022-07-29,105.58612292724771,106.89746664473654,104.33934207378368
2022-08-01,105.28117561058424,106.61135303834675,104.07595091684574
2022-08-02,104.4443826367403,105.76230621281707,103.26293831946357
2022-08-03,105.43877378294972,106.81430139031222,104.28169827013677
2022-08-04,105.03481803098698,106.45977429961906,103.93730587278954
2022-08-05,105.08533910230952,106.50886784503095,104.00163298896513
2022-08-08,105.30915302254687,106.73866267685514,104.23614825351929
2022-08-09,104.99375840807755,106.40375487756296,103.94908139511449
2022-08-10,106.66560924673423,108.0809850946136,105.53183406942705
2022-08-11,106.7527999277223,108.1364632836461,105.55914626063088
2022-08-12,108.40461350389317,109.80281291633099,107.1726430600954
2022-08-15,108.70409205648198,110.15126713210128,107.53552509837206
2022-08-16,109.01932885788852,110.48884808655608,107.87648476727381
2022-08-17,108.29338840245696,109.71770593841767,107.14142470165122
2022-08-18,108.8916486514846,110.2964001465422,107.69052698224328
2022-08-19,108.02689118643774,109.41269080933162,106.86121547876127
2022-08-22,106.20283719310095,107.55191461896817,105.07839432498464
2022-08-23,105.9735639075837,107.26262813382735,104.77395758964326
2022-08-24,106.30098336630292,107.57222182476528,105.06840340019487
2022-08-25,107.69096934032511,108.95709393127314,106.37624537484542
2022-08-26,104.55818333860873,105.78419408154366,103.32010930344882
2022-08-29,103.97391485689815,105.18240014570995,102.74167553737689
2022-08-30,102.81066638863811,104.04772125231906,101.63865436154418
2022-08-31,101.9316929218141,103.17860178055818,100.80100339240002
2022-09-01,102.37337443113333,103.6728838150451,101.31568426719144
2022-09-02,101.47691365540632,102.72342469591092,100.34765375221254
2022-09-06,101.12302176805902,102.36310474977702,100.0253534893136
2022-09-07,102.66159944136228,103.97643342519137,101.64494663268599
2022-09-08,103.31012648452185,104.6167976528656,102.24543533598751
2022-09-09,104.7787861353586,106.07354314668277,103.61876928305125
2022-09-12,105.57918129319523,106.87194908164173,104.37318391904478
2022-09-13,101.5687322054802,102.83567051055105,100.51860824096686
2022-09-14,101.75544932954666,102.98357120458645,100.66643865718058
2022-09-15,100.8140400125451,102.02217215437122,99.688084691948
2022-09-16,100.20827171108493,101.43437740569303,99.152330173053
2022-09-19,100.75670253756928,101.99215825053253,99.68479812850072
2022-09-20,99.4175434784463,100.6140237130217,98.38311367947244
2022-09-21,97.96117658881933,99.15044897403537,96.97459446533611
2022-09-22,97.46184641760233,98.63468798563491,96.51468100679463
2022-09-23,95.79410474531885,97.01808143924615,95.00618700814618
2022-09-26,94.5767166932404,95.790878723276,93.83697120873887
2022-09-27,94.35118196669353,95.52781115008538,93.54274168142791
2022-09-28,96.35115854810672,97.52352992256773,95.46471679057603
2022-09-29,94.6484149266806,95.79869600456949,93.8006368533681
2022-09-30,93.42084711358939,94.57047944996803,92.61151120938669
2022-10-03,96.00196905864422,97.16442375513253,95.11485941231012
2022-10-04,98.6691370022209,99.83263086067386,97.63332330620997
2022-10-05,98.5346325674152,99.66309773992508,97.44526124921873
2022-10-06,97.51448863563624,98.57959575212438,96.34178102188113
2022-10-07,95.32058491153028,96.35321891290255,94.18438464906669
2022-10-10,94.81246354774677,95.86687196341119,93.75918071527619
2022-10-11,94.66840620512194,95.72532726011423,93.63376080986353
2022-10-12,94.23327640444143,95.26153614684361,93.15686943558468
2022-10-13,96.56540780176525,97.59556129094649,95.39573554381823
2022-10-14,94.63430460671307,95.66789439338037,93.52528450739133
2022-10-17,96.40506926151787,97.462426336281,95.28550730904635
2022-10-18,97.50141460168801,98.57470536901259,96.37074112601053
2022-10-19,96.92720988397485,97.95215424872633,95.74710041336391
2022-10-20,96.41401049825713,97.41779498694748,95.18586169493722
2022-10-21,98.79892364434346,99.78117763192834,97.41319733446244
2022-10-24,100.07210822637091,101.07134582503464,98.67792023832529
2022-10-25,101.40136733545758,102.41346632789265,99.96181083692971
2022-10-26,101.66420141531627,102.67023298692983,100.18979417733058
2022-10-27,101.37342124690306,102.39378632398146,99.95089039056319
2022-10-28,103.75739983885828,104.83824168839857,102.36286088381331
2022-10-31,103.1388782543643,104.2067667735252,101.74342267566294
2022-11-01,103.18960849106054,104.25936431728542,101.75385616426965
2022-11-02,100.98104662861127,102.03636172219092,99.63036924782294
2022-11-03,100.33070319586335,101.3600245835035,99.04564332948385
2022-11-04,101.54592661989844,102.57536739826874,100.14554972571668
2022-11-07,102.54114836483106,103.56015825056436,101.107157978577
2022-11-08,103.15999418410236,104.19456280420113,101.73933629213745
2022-11-09,101.21417853500257,102.29374375418664,99.86999716653574
2022-11-10,105.5322078834536,106.61525123881016,103.9065127573586
2022-11-11,105.92029772607569,106.94784731208065,104.11087517976665
2022-11-14,105.44105559030004,106.4711923148156,103.69746866258782
2022-11-15,106.1412234764159,107.16875874312964,104.34615656327472
2022-11-16,105.16049984878124,106.23425738150151,103.52586591745603
2022-11-17,105.2501739408907,106.31023498955851,103.6233990591194
2022-11-18,105.9716062073712,107.06649355664658,104.36548203623204
2022-11-21,105.8431120968838,106.97733494138876,104.3124239140234
2022-11-22,107.33100893516843,108.44030277829327,105.72171209346082
2022-11-23,107.65297375272374,108.77410427146376,106.0151079436207
2022-11-25,107.77749331712624,108.91830334659792,106.16060535483574
2022-11-28,106.31651296370214,107.45373729905626,104.76811504489166
2022-11-29,106.43994482444091,107.56922264025087,104.86440965429232
2022-11-30,108.97611526354012,110.13807086090483,107.31436861267818
2022-12-01,108.78480155479588,109.97291143970894,107.12752668001124
2022-12-02,108.85902074233331,110.04814199633917,107.26625265039326
2022-12-05,107.1301008284705,108.31173285441764,105.58025365916151
2022-12-06,105.8464622537634,107.053097620827,104.33639025989939
2022-12-07,105.94727077934533,107.15632929822854,104.47060917469868
2022-12-08,106.52335734961255,107.7493298480575,104.97508312602952
2022-12-09,105.4022826089685,106.63982299763936,103.76536183692461
2022-12-12,106.96068602042526,108.21288854074973,105.28362538734198
2022-12-13,107.28462497882548,108.52280056075267,105.50192599762885
2022-12-14,106.89137092985722,108.11942712076248,105.14844798411798
2022-12-15,104.68151645502033,105.88566691506807,103.1005463096015
2022-12-16,103.58914331160427,104.77768606736325,102.08345217086392
2022-12-19,102.868438434905,104.05275733502422,101.46258318108345
2022-12-20,103.01582417872217,104.18866937057578,101.64404388298895
2022-12-21,104.49445172414026,105.65893626798673,103.0930570633861
2022-12-22,103.30264657314277,104.49108194593202,101.94068411273933
2022-12-23,104.02451498722077,105.20193195116448,102.7095880360896
2022-12-27,104.03451852121651,105.22757474155512,102.75377788109557
2022-12-28,102.71483710338168,103.90638300786719,101.4740789118127
2022-12-29,103.97237011147925,105.1726757142759,102.59945203724716
2022-12-30,103.6700627552184,104.84760376310265,102.33591157197458
2023-01-03,103.20651862589081,104.44276332356992,101.70836612972614
2023-01-04,103.93983301936093,105.18942099234414,102.26807777104113
2023-01-05,103.24731847060774,104.47353064794271,101.70794346287288
2023-01-06,105.5593591593365,106.81147340372536,103.87070718263587
2023-01-09,104.9311292846765,106.1689313979731,103.09918853755232
2023-01-10,105.51954553701003,106.74316342910365,103.66791009383726
2023-01-11,106.46633346293375,107.69335180259921,104.50783906075809
2023-01-12,106.70990881592785,107.89925752977442,104.75653416444064
2023-01-13,106.8328573037844,108.0182503322307,104.90304175492815
2023-01-17,106.41158967572498,107.5809032077199,104.50434639750313
2023-01-18,104.67292115634932,105.80919949259169,102.78512353188457
2023-01-19,104.05941019282676,105.18530536534522,102.27878071364032
2023-01-20,105.4219804885036,106.54240219946671,103.47058855404632
2023-01-23,106.36737056497117,107.47368948477504,104.25841839125172
2023-01-24,106.34722922531309,107.4479424432449,104.30628277561661
2023-01-25,106.6631040258307,107.77001636025136,104.61764194012055
2023-01-26,107.44528811452192,108.508438993267,105.42837078612993
2023-01-27,107.10078589276854,108.1635794158463,104.91312140526524
2023-01-30,106.07991116844472,107.17155627096038,103.94112314217054
2023-01-31,107.62118413275181,108.70957797301952,105.40555977548965
2023-02-01,108.10806276304379,109.21525907827817,105.62395426616479
2023-02-02,108.44969322934242,109.5130313556708,105.77998541772797
2023-02-03,107.56932023720918,108.62529596703081,104.96810343125176
2023-02-06,106.99441771306994,108.06608316028284,104.42661632475952
2023-02-07,108.00360524783228,109.0423402869443,105.43797314407523
2023-02-08,106.95163715574192,107.98557711485108,104.45998836691527
2023-02-09,106.32445253431189,107.35712813941657,103.89608453993102
2023-02-10,107.3496380719748,108.3980020513481,104.99763016318717
2023-02-13,108.36627665760632,109.40988980829144,105.94585862740436
2023-02-14,107.9904647814983,108.99452186825974,105.6019071188897
2023-02-15,107.96667743171706,108.99579310165292,105.53017750285566
2023-02-16,106.98276505053072,108.03882588689731,104.57677931960967
2023-02-17,106.84049997484716,107.94566925526883,104.40027180284952
2023-02-21,105.0832417549934,106.1954595339711,102.71724291319906
2023-02-22,104.77646175776307,105.87878376759373,102.4183540890508
2023-02-23,105.2388873489163,106.3046142004477,102.86313899258504
2023-02-24,104.35185416218508,105.41627172580411,102.02705104167106
2023-02-27,104.40764226847597,105.46763059422598,102.07584528635829
2023-02-28,103.78275490886611,104.82595244733288,101.41907539342486
2023-03-01,103.73918566790907,104.74935730398641,101.44843935692859
2023-03-02,104.48951142500464,105.51164421077868,102.17760328381621
2023-03-03,105.71950704381956,106.72672943037014,103.40418526802905
2023-03-06,105.64926365964325,106.65794742335797,103.33944913790361
2023-03-07,104.15608208411707,105.16312676677472,101.87012560632857
2023-03-08,104.18519543673332,105.18742946778522,101.89737000817365
2023-03-09,102.53488470908587,103.55213642872815,100.26057348553381
2023-03-10,101.1966944049002,102.22022574878243,98.93668655430008
2023-03-13,100.70447226692177,101.7666790576171,98.42521968870244
2023-03-14,101.96003981136057,103.0037101331076,99.67989002459646
2023-03-15,100.96593697415987,102.04502168050598,98.66804885382024
2023-03-16,102.32936052818485,103.39080811393569,100.02556770677239
2023-03-17,101.08729792033962,102.1464341584055,98.80410770969608
2023-03-20,102.33089491601152,103.4052035341565,100.02042102078401
2023-03-21,103.29466917017335,104.32012208070884,101.01681565983881
2023-03-22,101.55635383436767,102.58455003980055,99.30231154904567
2023-03-23,101.55047159598114,102.57314132081292,99.30093222447815
2023-03-24,102.43548710049227,103.512675014599,100.12677354272184
2023-03-27,102.92805780573347,104.00916508307768,100.60898228955034
2023-03-28,102.97189677088464,104.06293842318078,100.64457807413359
2023-03-29,104.27013514723788,105.35439145217595,101.9241744128299
2023-03-30,104.7376173142978,105.82500723849567,102.38069804278588
2023-03-31,105.9569745062022,107.04673719564386,103.57985579306818
2023-04-03,106.85975661474549,107.93241174185663,104.48743173334073
2023-04-04,106.01043874028841,107.11296400413579,103.6317783847108
2023-04-05,106.442766195905,107.58296283587353,103.97114455429335
2023-04-06,106.54436724928823,107.69698591712208,104.0895239657369
2023-04-10,107.0033267340784,108.12611852166005,104.53136809792693
2023-04-11,107.36181666631695,108.48561773530585,104.85767716903325
2023-04-12,107.09651099035872,108.24776889579942,104.55412425315527
2023-04-13,107.87949038703889,109.02206374050067,105.39315653206975
2023-04-14,107.49238974456044,108.60324029503388,105.05744103581999
2023-04-17,107.75695942175682,108.883873492188,105.29302568931196
2023-04-18,107.78925367825472,108.8993093796261,105.34942169334167
2023-04-19,107.2842606605142,108.39938049476888,104.89041766499909
2023-04-20,106.8916670465694,108.01345904677277,104.56434387681497
2023-04-21,106.86036385553666,108.00490417056668,104.50941846268807
2023-04-24,107.1324167165854,108.28102125901268,104.76132282020454
2023-04-25,105.83397509085145,107.01305933518101,103.40512295823822
2023-04-26,104.61386903182186,105.76041041795418,102.277449644267
2023-04-27,106.15398330829386,107.28299708825259,103.9281565502609
2023-04-28,107.13742116094434,108.24871048036977,104.91672105460573
2023-05-01,107.26892936231262,108.39361126289019,105.05449096640005
2023-05-02,105.77361645510537,106.91451216205476,103.59379352394409
2023-05-03,105.14561060385854,106.29476340763912,102.96715906212032
2023-05-04,104.14986911788661,105.32253654123667,101.95270720297773
2023-05-05,105.85576468024276,107.01513638254707,103.63157013233712
2023-05-08,105.75202793541781,106.90205648475185,103.55195307256129
2023-05-09,105.43578291227703,106.59281862539036,103.22109261705688
2023-05-10,105.54235160619162,106.71390754273529,103.40428964434159
2023-05-11,105.18070110450566,106.34693360438976,103.09933923423245
2023-05-12,105.22918550060432,106.40162733832861,103.15560390875089
2023-05-15,105.65762750302713,106.79844843106946,103.58101730152403
2023-05-16,104.35355952217083,105.47635678435367,102.38814125808088
2023-05-17,105.4234068582755,106.50448399074742,103.48558273231038
2023-05-18,105.94059919271795,106.98425821096949,104.11180457104666
2023-05-19,105.99179262791456,107.05540646272674,104.1003984584035
2023-05-22,105.90503213194066,106.9462831782192,104.05901083037024
2023-05-23,105.06192803023356,106.09911787839656,103.1442097545117
2023-05-24,104.24988765089748,105.28708489266701,102.3600904249
2023-05-25,104.23040180915325,105.19113669557521,102.68880471953612
2023-05-26,105.04979380956678,105.96370643398984,103.62158872986508
2023-05-30,104.86803860897868,105.76070950300189,103.48250975335479
2023-05-31,104.19322438841081,105.12504280226219,102.75439490641818
2023-06-01,104.95459901150146,105.8660793825125,103.53824196787046
2023-06-02,106.39521593931217,107.2871248081986,104.97393519353373
2023-06-05,105.99422955112476,106.90755210788693,104.55574284405277
2023-06-06,106.23892160729865,107.08315060615276,104.7972992283083
2023-06-07,106.36019140874622,107.1728046360322,104.76910123723158
2023-06-08,106.86731896179607,107.71652496786892,105.2584093034967
2023-06-09,106.91584336938426,107.76976442053687,105.32585988791925
2023-06-12,107.93413587570544,108.77770317055803,106.37083603631798
2023-06-13,108.69620681032018,109.51743889893697,107.10508266496473
2023-06-14,108.88431906337621,109.7273875595221,107.3539549250435
2023-06-15,110.17728773040216,111.03872032785719,108.62704534461257
2023-06-16,109.96689847133537,110.81975017162506,108.4091754458177
2023-06-20,109.16107515300305,110.01927560993344,107.6776567441186
2023-06-21,108.79351112265577,109.6763046577401,107.32602387139163
2023-06-22,108.88024794566053,109.77314444262595,107.45278677435263
2023-06-23,108.0627269399481,108.94422651757081,106.6715412736099
2023-06-26,107.94259857795292,108.826887716978,106.46173450733497
2023-06-27,109.2444589133204,110.11160809429623,107.7774733728979
2023-06-28,108.98101703130939,109.82988083136549,107.51935158012107
2023-06-29,109.53138904440434,110.3921416332656,108.0492721820273
2023-06-30,110.63419279315983,111.51951674532467,109.15770366566159
2023-07-03,110.67625288178992,111.52970223566231,109.16173180439493
2023-07-05,110.36681385074051,111.22616876619358,108.89812084409589
2023-07-06,109.43569874180531,110.30204528402848,107.99160065155013
2023-07-07,109.10081698451097,109.93917516634927,107.62686708256334
2023-07-10,109.89633829374797,110.73948117987244,108.39397172321846
2023-07-11,110.70249521492963,111.52184391581525,109.17595850970335
2023-07-12,111.3534401109723,112.17487664694713,109.89058442715337
2023-07-13,111.94092306592317,112.72682036787486,110.56323920945803
2023-07-14,111.58151157892065,112.39657241621616,110.29098569955161
2023-07-17,111.91599684949362,112.73066547960224,110.679727656252
2023-07-18,112.59011593502922,113.38861293532048,111.33483731320382
2023-07-19,112.90750144216936,113.690405248457,111.59013235736306
2023-07-20,112.57727561085102,113.39954928178156,111.16585419448667
2023-07-21,112.74643662224157,113.58250710215327,111.31877841820886
2023-07-24,113.02042258342789,113.82843122231426,111.63384586147747
2023-07-25,113.43370361727808,114.2501662505862,112.09934792409422
2023-07-26,113.27154490034839,114.04620881783087,111.9632848322749
2023-07-27,112.77676158321839,113.53288867255247,111.47238052125167
2023-07-28,113.45507662561869,114.20161187196254,112.2037391872437
2023-07-31,113.57492562547891,114.31291000401532,112.30479644110734
2023-08-01,113.44175976683646,114.17681267193821,112.19958142091602
2023-08-02,112.15403582748819,112.92556620798965,110.83118709224574
2023-08-03,111.88864080483441,112.65900239377869,110.57950988016742
2023-08-04,111.56549471762479,112.32737094025373,110.2003792410261
2023-08-07,112.7565009117462,113.52784787333691,111.38803657114963
2023-08-08,112.42675765803739,113.2057579430018,111.0389554884755
2023-08-09,111.87426703682249,112.67902003705578,110.46392926053623
2023-08-10,111.7165653227308,112.5389400356608,110.31349834256974
2023-08-11,111.5928130207522,112.43962898567813,110.12901158209449
2023-08-14,112.30867198775692,113.14647890862324,110.93109237001264
2023-08-15,111.23499609759845,112.0953342987219,109.88596493075815
2023-08-16,110.40851846640469,111.2835018244748,109.10056321734864
2023-08-17,109.49305649419833,110.34464723247032,108.23352900464891
2023-08-18,109.78756076978051,110.63976094332148,108.48899658320444
2023-08-21,110.4156139337591,111.25378398756035,109.1943499200415
2023-08-22,109.96969659361353,110.8189531343669,108.74533477937472
2023-08-23,110.9840778179097,111.83858115999575,109.77881792758629
2023-08-24,109.65241261785822,110.51089282891843,108.42855344838128
2023-08-25,110.23955947168623,111.11601729278664,109.0229860842624
2023-08-28,111.00277225594397,111.87059195502587,109.77116066849767
2023-08-29,112.44061459850792,113.29749969550136,111.23909265133352
2023-08-30,112.67368260600638,113.53175658679821,111.48923893430373
2023-08-31,112.53030544731936,113.35496562362397,111.3806062176042
2023-09-01,112.86747813471882,113.67054725060257,111.69868186331156
2023-09-05,112.06729308945118,112.87374551564359,110.93881247698003
2023-09-06,111.6376961724624,112.4526176699372,110.45154793392422
2023-09-07,111.43734742131673,112.290605663989,110.2081644064638
2023-09-08,111.67395699804676,112.53457118020091,110.39389224535655
2023-09-11,112.05092647553747,112.92918581309364,110.76591406710138
2023-09-12,111.53867727534728,112.39465203851543,110.2244150714801
2023-09-13,111.59235975614514,112.46247044271007,110.30529806887759
2023-09-14,112.5072762355715,113.37996241224828,111.17199619439876
2023-09-15,111.12291762786501,111.99805847341564,109.74011497340885
2023-09-18,111.25327346087533,112.13375516782234,109.90409920622585
2023-09-19,111.17813599398966,112.06923495193698,109.81742001658286
2023-09-20,110.45605910662735,111.38547729513849,109.03622796545766
2023-09-21,108.74445025104002,109.6786227051549,107.27167581770652
2023-09-22,108.71355532190876,109.65529218577598,107.27601471955785
2023-09-25,109.02418856775061,109.95692916240937,107.59231527340093
2023-09-26,107.66788417170613,108.60087290433185,106.2375460617612
2023-09-27,107.7635894917475,108.66684069460248,106.36308700590345
2023-09-28,108.38025065615435,109.26428183981187,107.00222943852489
2023-09-29,108.0354919609281,108.89006991293944,106.69234788463885
2023-10-02,107.68602250906687,108.52352777874185,106.46702472277795
2023-10-03,106.45707158048648,107.310740635753,105.2274299621336
2023-10-04,107.0491403081781,107.92171093907876,105.86013311963823
2023-10-05,106.94261377045719,107.80248866421488,105.7855412132304
2023-10-06,108.07411245336996,108.92358867490867,106.98029150741654
2023-10-09,108.8804125330164,109.73537761268483,107.78404181023983
2023-10-10,109.44993129369065,110.30559942756504,108.31992684366509
2023-10-11,109.88552434011957,110.72012780685321,108.81918921980908
2023-10-12,109.10084639443554,109.92737740290204,108.13246720378544
2023-10-13,108.70907767639585,109.575020782573,107.70332672059604
2023-10-16,109.89478883991384,110.75923380695014,108.88131558922976
2023-10-17,109.91316221611197,110.77200949994884,108.86039113023722
2023-10-18,108.64356151728357,109.52377344069765,107.57575302808468
2023-10-19,107.64966264812965,108.52051559918937,106.57042983249889
2023-10-20,106.60005890133289,107.47598504611682,105.50493484873095
2023-10-23,106.24440858937884,107.12194305046205,105.21235088826089
2023-10-24,107.13478177145018,108.02006065202087,106.07132144001383
2023-10-25,105.95908930764686,106.89482136412693,104.80454479039314
2023-10-26,104.90153776746104,105.86048899518207,103.62154384769443
2023-10-27,104.25007330937163,105.17374631186489,103.03213007524167
2023-10-30,105.29356491810867,106.22426069014156,104.11536214678544
2023-10-31,105.98394840039532,106.91846857180576,104.75490185132844
2023-11-01,107.06600323885044,107.99805786480295,105.82671354694581
2023-11-02,108.97471730765953,109.88210563963129,107.7651915406523
2023-11-03,110.18751634556331,111.07382498158844,108.90975068763399
2023-11-06,110.32610032927887,111.22732418176707,109.09516437065858
2023-11-07,110.42475606151392,111.30863620863178,109.2699797072085
2023-11-08,110.40225060335295,111.3086610663255,109.3199477663442
2023-11-09,109.57045412924468,110.47143937859546,108.52023186288005
2023-11-10,111.13258519242127,112.00085115164336,110.11043567363448
2023-11-13,111.07126344276556,111.96080375205585,110.02483501255756
2023-11-14,113.07587931362069,113.91207303012706,112.00364540957487
2023-11-15,113.07728080634887,113.88738175836725,111.98378417028783
2023-11-16,112.98185279980888,113.81613022908275,111.89541666947505
2023-11-17,113.26868969246928,114.08628789017126,112.13513883189124
2023-11-20,114.01776286212313,114.8203027376009,112.91139367943407
2023-11-21,113.73864849205003,114.58897812012006,112.64873015125261
2023-11-22,114.19462343066081,115.06971756391178,113.07544421449623
2023-11-24,114.40244062010908,115.28527802150876,113.23977357778672
2023-11-27,114.06235241985672,114.94508328247872,112.90308567948006
2023-11-28,113.87504003766603,114.75454876424709,112.73883876843793
2023-11-29,114.03978072196897,114.89064643213125,112.8578097024212
2023-11-30,114.59684425083044,115.48431098649917,113.37736225315984
2023-12-01,115.35361241641833,116.23569789452236,114.1112785721517
2023-12-04,114.81202487233267,115.71858851990905,113.56688568326297
2023-12-05,114.57889071220703,115.47414669061976,113.37112755480774
2023-12-06,114.13511862575443,115.04340256349062,112.95399923401727
2023-12-07,115.04239032792871,115.89724508797497,113.84407842957134
2023-12-08,115.62284691916268,116.43229245305957,114.42083655430238
2023-12-11,116.78351945678024,117.60371087553487,115.53719444037387
2023-12-12,117.29601388004565,118.13088861426516,116.1228901996929
2023-12-13,118.6515465446759,119.49580452079849,117.46420860709273
2023-12-14,118.84390691184542,119.54077507943913,117.60036292705804
2023-12-15,118.5974867899771,119.26713713321541,117.38444351166098
2023-12-18,119.25372144660363,119.94624604733417,118.06781386328208
2023-12-19,119.92190185063879,120.57862320477054,118.70435076110235
2023-12-20,118.10385010891333,118.76376752336608,116.95569137232066
2023-12-21,119.32739588896689,119.97014743156993,118.13208146280914
2023-12-22,119.5989547707358,120.26467009938546,118.31311716337599
2023-12-26,120.27558879791792,120.90966719269068,118.95505466346974
2023-12-27,120.48160552098156,121.11984258838683,119.1632569855722
2023-12-28,120.52278861221002,121.17322293364933,119.18891178465269
2023-12-29,120.26279367813369,120.95127162469572,118.92504687998982
2024-01-02,119.6482166731239,120.39492809465153,118.26594700840104
2024-01-03,118.83432710813987,119.62826011532988,117.47014029414963
2024-01-04,118.44035936098496,119.25048290173626,117.07601691081267
2024-01-05,118.64101998990088,119.40902751902925,117.25574473828334
2024-01-08,120.31065641226795,121.0357732035884,118.92255983335318
2024-01-09,120.10050683886743,120.8370264092178,118.73856624387165
2024-01-10,120.58926150587418,121.32774489668516,119.26754933147107
2024-01-11,120.65857413153404,121.39416135791771,119.38065505222139
2024-01-12,120.85981992299554,121.63834310588553,119.59809048104465
2024-01-16,120.56212021179203,121.34260080334563,119.2590455148998
2024-01-17,119.9486577229763,120.7619529976038,118.67840417953938
2024-01-18,120.86481952687791,121.66967914866794,119.64576675686831
2024-01-19,122.59525651157014,123.34395730818399,121.36388793823605
2024-01-22,122.95491806674079,123.6914456320204,121.73411859671944
2024-01-23,123.1545188755425,123.91664192247758,121.83689849113259
2024-01-24,123.30118572338657,124.01792780243832,121.99660177301736
2024-01-25,124.16594049686098,124.8563009624474,122.75166033523467
2024-01-26,123.6673510083867,124.41670932546243,122.29909806613253
2024-01-29,124.51205449476521,125.23294051026804,123.19051559844964
2024-01-30,124.7027621440508,125.43512570154786,123.34131915488622
2024-01-31,123.04952932566493,123.80539338549738,121.67290950856507
2024-02-01,124.57052732033307,125.33412851832108,123.15857363155514
2024-02-02,125.5510578414501,126.1928150666206,124.40684317220207
2024-02-05,125.15586521075501,125.76794925559784,124.11807837745638
2024-02-06,125.2709087307533,125.89456431819366,124.18525946282674
2024-02-07,126.3473322155213,126.9328419088668,125.38526932469587
2024-02-08,126.52944095911471,127.08013729524305,125.61275279834007
2024-02-09,127.31287020513534,127.80450206879658,126.47214197133066
2024-02-12,127.43525182023176,127.89356050415603,126.49655871873614
2024-02-13,125.82168306862692,126.34780986797092,124.90950754908155
2024-02-14,127.23125265972558,127.68527950319876,126.39126726393263
2024-02-15,128.03200884954555,128.4925097550291,127.12742928241724
2024-02-16,127.23215477936428,127.73710968213132,126.27063952624039
2024-02-20,126.50984437466744,127.07255441682749,125.44738981971538
2024-02-21,126.43012300108336,127.04023702163249,125.30863719713018
2024-02-22,128.99034558244978,129.50645619494495,128.1460380199201
2024-02-23,129.15612935925336,129.70139924589205,128.2742137968817
2024-02-26,128.95044788906912,129.45786515960214,128.12965320667897
2024-02-27,129.0972879385515,129.59109519860363,128.24952004421712
2024-02-28,128.91094845246744,129.43240859416986,128.04543132031148
2024-02-29,129.5447429979984,129.98326196472402,128.71572958530473
2024-03-01,131.24218431266277,131.5810095474318,130.5136865736017
2024-03-04,131.635887722635,131.934492972663,130.96314476188135
2024-03-05,130.29799690408305,130.65897736417207,129.45284714244463
2024-03-06,131.37523397121748,131.71579624601264,130.55057722330253
2024-03-07,132.6387033985508,132.88966184670156,131.96759011983482
2024-03-08,131.45454198827983,131.82238731054105,130.5556449739997
2024-03-11,131.203638925324,131.66430009335218,130.05686823860927
2024-03-12,132.56805200535356,132.9366647279045,131.66105556635281
2024-03-13,132.26578531624716,132.65409354407282,131.2953855250185
2024-03-14,131.55005435952432,131.97554911427196,130.61019951268696
2024-03-15,130.7075700731295,131.19676727204316,129.60242462008938
2024-03-18,131.30730393567026,131.76385373926124,130.25954207399764
2024-03-19,131.98094796691632,132.45705253775031,130.914331336194
2024-03-20,133.18170798032008,133.56203378557672,132.16632939985442
2024-03-21,134.0069637783828,134.31673187469931,133.07136004898362
2024-03-22,133.58748185792925,133.89621666089403,132.70994850389224
2024-03-25,133.27304694281037,133.56332352819723,132.41427385511207
2024-03-26,133.0160180161303,133.33000468924098,132.11500469105002
2024-03-27,134.16125739616794,134.52552135085145,133.0418886859661
2024-03-28,134.38044875199165,134.76011386441937,133.1772890123273
2024-04-01,134.06009508353833,134.41430444114272,132.92695583169078
2024-04-02,133.1200007612846,133.50103303837653,132.00688346997603
2024-04-03,133.32235520069221,133.6193421440522,132.39278020029025
2024-04-04,131.572735783441,131.95249689409587,130.49603095881673
2024-04-05,132.8466189999278,133.13451105395683,131.96863240393404
2024-04-08,132.69052876701738,132.9926130507888,131.7753592542332
2024-04-09,132.62539261736273,132.95851681811573,131.5564220818123
2024-04-10,131.18011649986119,131.5082971777995,130.3050789571964
2024-04-11,131.78028481663557,131.99382894837078,131.0745810497944
2024-04-12,129.82520306598602,130.11014114642256,129.05028558092056
2024-04-15,128.50799915461894,128.87131963932384,127.56316804374673
2024-04-16,128.45788858382767,128.80146237443608,127.65099207505685
2024-04-17,127.66389423630365,128.12056912649496,126.67246017045079
2024-04-18,127.43929992320949,127.94977384406985,126.33837616572316
2024-04-19,126.47794215177464,127.23599040742525,124.93224508956916
2024-04-22,127.4389692438883,128.15148512061265,125.939795141518
2024-04-23,128.8493518695243,129.42632139199569,127.59154833231695
2024-04-24,128.85215725490215,129.4757833304919,127.4775326628488
2024-04-25,128.36252608545925,129.02163398387344,126.97290420386368
2024-04-26,128.94828111170054,129.4745759522255,127.75648917650834
2024-04-29,129.2823134587271,129.83793554119742,128.02996021609957
2024-04-30,127.48938980352328,128.09839603793446,126.23494233541258
2024-05-01,126.71605210252231,127.40802273659199,125.36339963449568
2024-05-02,127.61991903549001,128.24806094639035,126.35340449057752
2024-05-03,128.90227841487385,129.44578312530933,127.78171776447437
2024-05-06,130.45551799667174,130.87667068466334,129.5345469825015
2024-05-07,130.71135819419882,131.2166573421542,129.7213040906439
2024-05-08,130.82632559299856,131.31809031953233,129.84948547889246
2024-05-09,131.41316842297985,131.93778785295586,130.36830162239457
2024-05-10,131.76196901758877,132.30680525288602,130.69156527167968
2024-05-13,131.65720508560383,132.23437192362258,130.47419478849972
2024-05-14,132.18582725659007,132.70584537964916,131.0627876232782
2024-05-15,134.06148090676942,134.43088996369323,133.1637779196837
2024-05-16,133.62534395023653,134.1335930820918,132.58831020725515
2024-05-17,133.69824189812968,134.24020488017237,132.62168818550086
2024-05-20,133.96432598956446,134.42171531512167,133.06114084330224
2024-05-21,133.99626327278344,134.4399788349535,133.10071653655973
2024-05-22,133.74344419036552,134.2051016225442,132.85056183170389
2024-05-23,132.8238002531813,133.1848374422313,132.11411481472211
2024-05-24,133.66413898800914,133.93696219924973,133.0509785721324
2024-05-28,133.3372779189827,133.47224364446214,132.9095709160386
2024-05-29,132.18606546824714,132.31638241723383,131.7996120720481
2024-05-30,131.7567118358964,132.0288018568233,130.98205745294268
2024-05-31,132.91633840529957,133.30911941519997,131.88841158308128
2024-06-03,132.59241747587765,132.98277096044944,131.58610712879704
2024-06-04,132.62217421494438,133.10231859820126,131.53909321715835
2024-06-05,134.090046937152,134.37993922765963,133.30349667525127
2024-06-06,133.85702610893742,134.20287365587285,132.99416854662226
2024-06-07,133.71704748615002,134.0402448770219,132.90422647359776
2024-06-10,134.44388559587122,134.6856779275468,133.7779700962859
2024-06-11,134.31958861579966,134.58180120178397,133.60970690097227
2024-06-12,134.93646709339222,135.07815284116032,134.40352368966293
2024-06-13,135.21059486557985,135.27892825989255,134.86865691762588
2024-06-14,135.07749256464393,135.1674750910946,134.7742955902169
2024-06-17,136.28852747076033,136.3321154888341,136.11196176491268
2024-06-18,136.89179661191793,136.8784932801231,136.7973913557676
2024-06-20,136.7088962861889,136.8386318696408,136.41317266096414
2024-06-21,136.3845214119664,136.58696544253482,135.9166355001245
2024-06-24,136.25191165288027,136.62124743464315,135.48607831592176
2024-06-25,136.36018484361867,136.598758472323,135.82377262861905
2024-06-26,135.89388258874038,136.1192516775577,135.37436446264402
2024-06-27,136.05851910318003,136.2802001461457,135.60690076028592
2024-06-28,136.0693423157182,136.269808406127,135.5886245433866
2024-07-01,135.87739277167637,136.0422062875026,135.4826420242679
2024-07-02,136.48743654756998,136.62230072769134,136.1344469055368
2024-07-03,136.80568095629914,136.83667174720154,136.61873494536255
2024-07-05,137.13483499978042,137.17741987326684,136.95625329398908
2024-07-08,137.58484332142484,137.5734992096482,137.4443107280314
2024-07-09,137.7065267329013,137.6408504558963,137.60245310233745
2024-07-10,138.88001709295656,138.80573642041782,138.76478201322274
2024-07-11,138.41917932226315,138.53218451246772,138.00156514961995
2024-07-12,139.34743559709975,139.501817365709,138.82391478406169
2024-07-15,139.80860812701226,139.92246221758634,139.32920318701414
2024-07-16,141.2182851582055,141.3597299008596,140.60081499270393
2024-07-17,139.3620462514421,139.91435825215893,138.07070069098884
2024-07-18,138.48474057948,139.05431882505133,137.16684267385827
2024-07-19,137.34485030762923,137.9037217112917,136.09793738071266
2024-07-22,138.65844662653183,139.1001418176491,137.5871922897526
2024-07-23,138.06019526757058,138.44991842996765,137.15301457443303
2024-07-24,135.733534101661,136.4516013267207,134.31984001967646
2024-07-25,135.1130033825272,135.96340380155323,133.5416768962571
2024-07-26,136.83311893363202,137.66182785776732,135.25802857727237
2024-07-29,136.6728894539996,137.55746617710724,135.03304790402456
2024-07-30,136.28203267373883,137.32734048363983,134.38395574088483
2024-07-31,138.20618907255644,138.97421564294945,136.75308363610029
2024-08-01,136.30104835133926,137.38309754774795,134.5081224048418
2024-08-02,133.4114745576671,134.88571327766402,131.30722006926965
2024-08-05,130.08001206706717,131.53292105256708,128.10648933489662
2024-08-06,131.37402791338795,132.73031761157435,129.55242803006306
2024-08-07,130.41231551435618,131.9201722063259,128.44994064204974
2024-08-08,133.6379999208673,134.8855516481764,131.9770247054932
2024-08-09,134.28279427303795,135.4529217650084,132.75544980644977
2024-08-12,134.16490420804246,135.2928031462117,132.7376893041428
2024-08-13,136.14323337485888,137.12538318532216,134.87739320328538
2024-08-14,136.74939803891087,137.7344243653642,135.57463632032972
2024-08-15,138.95247657747518,139.74578609784035,137.94680806285848
2024-08-16,139.21606331752946,140.05927378099224,138.13028418318908
2024-08-19,140.4207767995925,141.20944037728833,139.39709740426565
2024-08-20,140.18384734061033,141.01245968217586,139.1579143060015
2024-08-21,141.01260883307148,141.83977951845517,139.95123276116658
2024-08-22,140.18916335921082,141.09146090150955,139.06073269177872
2024-08-23,141.65635983311873,142.49877367018627,140.491321224864
2024-08-26,141.25946615018623,142.21851867135993,139.91729634721776
2024-08-27,141.50980621608846,142.4593794453413,140.20907211916327
2024-08-28,140.7729835753573,141.82181212258737,139.36377837108972
2024-08-29,140.95872007227007,142.07221209949438,139.45682761620432
2024-08-30,142.43759687822114,143.46580175654736,141.03567483555938
2024-09-03,139.82269878070605,141.1497217721179,138.1198886524898
2024-09-04,139.62891253749507,140.99091221250782,137.95280935822328
2024-09-05,138.6794138976767,140.01734184891038,137.02573778856942
2024-09-06,136.73322111998365,138.1970024686879,135.0127762094462
2024-09-09,138.34037595756746,139.72635787554094,136.6597466171041
2024-09-10,138.4223058053852,139.83115635656938,136.7855128441803
2024-09-11,139.37137971566835,140.57446165872645,137.79756708767195
2024-09-12,140.50652372290264,141.6331758920455,138.9851475667311
2024-09-13,141.5753679991587,142.67680993295323,140.03696269699964
2024-09-16,142.32844197566425,143.45265098336148,140.7328793745007
2024-09-17,142.15774114913128,143.19230273314815,140.52361115570739
2024-09-18,141.67058655326915,142.67026838148834,140.0299578105866
2024-09-19,143.49257259371242,144.30337430502686,141.8615473805208
2024-09-20,143.43249325669046,144.1919958616793,141.92489388784074
2024-09-23,144.06237631479897,144.80691304819925,142.56667133087123
2024-09-24,144.135005255411,144.82329413353935,142.62769965748777
2024-09-25,143.75630134569113,144.3762107886896,142.32255446568982
2024-09-26,144.45939763461215,145.07551266944216,142.93740432258573
2024-09-27,144.33511021482946,145.0399280773948,142.72721042296283
2024-09-30,144.68754764300235,145.38433859413817,143.10862070402956
2024-10-01,143.962141107302,144.71811134948808,142.40618796530393
2024-10-02,144.0310439021083,144.7216500446885,142.44349146471086
2024-10-03,143.72121066889986,144.38798131962545,142.11115779098003
2024-10-04,144.68157709570085,145.28468659372666,143.04280837777068
2024-10-07,143.60314830173394,144.12960738044916,141.9058091722105
2024-10-08,144.66494663623536,145.19077151401765,142.9901540314733
2024-10-09,145.87463324558135,146.41128674580915,144.19003824706286
2024-10-10,145.30011921837453,145.8621906344939,143.63611804954155
2024-10-11,146.58368354074247,147.09081579698724,144.89131954130772
2024-10-14,147.7280765255615,148.21997347010688,145.99670676675572
2024-10-15,146.42775253896605,147.0157061466477,144.8017928929312
2024-10-16,147.50881998679887,148.03716241432045,145.8300638566848
2024-10-17,147.4277374139588,147.99201913436056,145.8011869073282
2024-10-18,147.7007379299986,148.22490149694428,146.04730400244685
2024-10-21,146.90822265718626,147.42916344594698,145.30179347940333
2024-10-22,146.4312198237127,146.93639201388893,144.8170677783077
2024-10-23,145.964723854367,146.47337870532982,144.38612251720727
2024-10-24,145.62288559583678,146.11391928977548,144.01659831805256
2024-10-25,144.9970431521599,145.47080909032059,143.3439588579109
2024-10-28,145.5511001727648,145.98105253593633,143.8448647818109
2024-10-29,145.32858597674735,145.7707972918348,143.64121253206832
2024-10-30,144.63599735931007,145.08847772217308,142.95115547983312
2024-10-31,143.04676045861913,143.57630924863435,141.44358251677264
2024-11-01,143.1368968710161,143.692228601553,141.47191733798923
2024-11-04,142.9541193607945,143.53328812045166,141.28861213370976
2024-11-05,144.68325311644955,145.1560707057524,143.05953694222973
2024-11-06,148.02572734940912,148.42014958326394,146.32475979789396
2024-11-07,148.64042739689245,148.99594546733204,146.9224833613942
2024-11-08,149.7493223375111,150.05055726433235,148.20572930186015
2024-11-11,149.89928980407947,150.1676172879146,148.2874433037532
2024-11-12,149.21520304972927,149.54448559329035,147.62373234005852
2024-11-13,149.12133900928194,149.47795177636613,147.4984474351246
2024-11-14,147.89597679287397,148.2198057063579,146.21821281372058
2024-11-15,146.3173330243019,146.5890344298471,144.74006674018784
2024-11-18,146.93706948937574,147.1909362487787,145.35932211836084
2024-11-19,147.05219537295233,147.20382509674366,145.58734530264326
2024-11-20,147.60598355863047,147.8207648757995,146.14599844889042
2024-11-21,149.13132629698916,149.34943289575966,147.66155139951067
2024-11-22,150.08197217351383,150.287455072314,148.5680397778003
2024-11-25,150.7858472786562,151.054375943644,149.12464771305255
2024-11-26,151.2560393033685,151.56579993716582,149.73886141026486
2024-11-27,150.8285410682302,151.18790744755404,149.29234592194217
2024-11-29,151.4603203160806,151.7442504932383,149.9225733585581
2024-12-02,151.00456553782467,151.32454139847562,149.3490868952102
2024-12-03,150.7392033868179,150.9873650816031,149.20587495042858
2024-12-04,151.07035414215275,151.29049108953973,149.66119446113527
2024-12-05,150.64224550998884,150.84788063056533,149.3127242923678
2024-12-06,150.73601857472292,150.82517594779944,149.52042330733667
2024-12-09,149.21022749089212,149.4425578601215,147.67903797035
2024-12-10,148.3002092720633,148.62340299233534,146.6794793581193
2024-12-11,148.71774533144702,148.87080500142315,147.3394316723989
2024-12-12,147.99307937625335,148.20317208315228,146.54911516862356
2024-12-13,148.05607681438764,148.08172868468483,146.94662380625337
2024-12-16,147.9721508128398,147.84703954648353,147.1249720597856
2024-12-17,146.98587006516496,146.96236107766316,145.98288759063212
2024-12-18,142.9578446908792,143.12300793087752,141.76872010946286
2024-12-19,142.67990286353097,142.87893893844,141.5264737591992
2024-12-20,144.59318608280824,144.66473123318292,143.5873532300534
2024-12-23,145.14577870745353,145.14690804861664,144.13901073600064
2024-12-24,146.4323337288203,146.3650334492129,145.53375124781994
2024-12-26,146.63360675157728,146.5471219627451,145.73486480203732
2024-12-27,145.43274719358226,145.44433795821124,144.42467969262992
2024-12-30,143.81175139838334,143.8394556348833,142.7988080867755
2024-12-31,143.67362256926063,143.76525746178686,142.55415852538403
2025-01-02,143.66157395502336,143.67322884189613,142.6817578249412
2025-01-03,145.10214524928017,144.96409472158328,144.1600671430482
2025-01-06,145.3498332406602,145.07070673935087,144.349730172676
2025-01-07,144.37089040423186,144.2618521597565,143.28813691922576
2025-01-08,144.72634554138293,144.66186524300497,143.72164307282435
2025-01-10,142.67343769911298,142.59302091118178,141.68375087430366
2025-01-13,143.1810583222732,143.1737193461122,142.139461361803
2025-01-14,144.09489517265487,144.0217084823114,143.1045665131261
2025-01-15,146.0851308703168,145.82077802200547,145.09190827075105
2025-01-16,146.69211623164756,146.42839297072638,145.76020863567618
2025-01-17,147.82849374062923,147.38649493055718,146.93147974319214
2025-01-21,149.4789250409911,148.949052562831,148.63820193782703
2025-01-22,149.87408781392557,149.25751952982048,149.05127391297515
2025-01-23,150.73566634233006,150.04631690778183,149.92679704875655
2025-01-24,150.39335340467372,149.75755165198166,149.5881320569433
2025-01-27,148.82416980273413,148.91503715416013,147.6764600031982
2025-01-28,148.99487106246488,148.91254892991657,147.98926246825204
2025-01-29,148.87570333898987,148.77080047874298,147.88334837550786
2025-01-30,150.57585795608026,150.38115942903056,149.64508049929287
2025-01-31,149.62865647937588,149.42898004196587,148.77449909916282
2025-02-03,149.38110408360154,149.2779190373042,148.61557559339943
2025-02-04,149.87932195945763,149.68410419737637,149.1884896870233
2025-02-05,151.2481982156646,150.95981074429505,150.74471060678363
2025-02-06,151.50047476708573,151.08537764651797,151.25620115607413
2025-02-07,150.62673746960309,150.23228599346433,150.39391041922926
2025-02-10,151.58912854895982,151.11513417681283,151.45973087859844
2025-02-11,151.649491545922,151.25550417881846,151.35581120534584
2025-02-12,151.322984511146,150.89443590116207,151.03217588979763
2025-02-13,152.9456632169914,152.49331022298233,152.6248726086543
2025-02-14,152.64339363666966,152.03250413593597,152.4643463804166
2025-02-18,153.52432463659667,152.85270042703908,153.3255779251886
2025-02-19,153.8748072912801,153.31497556760243,153.5665359899604
2025-02-20,153.01386614968274,152.6959444407215,152.33453264656137
2025-02-21,150.61920325927943,150.54403757182092,149.7163036438552
2025-02-24,150.22947176852784,150.3728065768452,149.09948472565316
2025-02-25,150.2003640656647,150.49120029473565,148.96642062046985
2025-02-26,150.0334699355182,150.12970166190752,149.0167502693281
2025-02-27,148.48024606167496,148.81693015520665,147.27310325044033
2025-02-28,150.600933716056,150.88245833600246,149.49960135475587
2025-03-03,148.79835696926523,149.33429201685146,147.51115346659432
2025-03-04,146.4100625057247,147.07050507613744,145.0100702535326
2025-03-05,147.73884458727872,148.28190549702518,146.43276460145918
2025-03-06,145.2087975539646,146.14972692752298,143.29486843511728
2025-03-07,146.07664686550703,147.1156872465021,143.97626150528163
2025-03-10,143.00723573970507,144.45139655142205,140.40923194158214
2025-03-11,141.53237481990988,142.76439689338554,139.3303871002962
2025-03-12,141.78055118721724,142.72215779784312,139.95388297005528
2025-03-13,140.5106957871851,141.61127545538463,138.51461307989388
2025-03-14,143.13177814713399,144.0574014578387,141.31592681372746
2025-03-17,144.94331142608877,145.9033034871468,143.07881548642308
2025-03-18,143.71793370731746,144.80873460241176,141.62774928639251
2025-03-19,145.09425436537444,146.01687150133517,143.24640546388207
2025-03-20,144.6009169301431,145.4989140720349,142.8151336711601
2025-03-21,144.4225513468939,145.2628934312652,142.78958854119654
2025-03-24,146.81244147015167,147.38753713642728,145.47565342642554
2025-03-25,146.86543667792208,147.3766619329494,145.59909814131416
2025-03-26,145.8563201075646,146.6576522934882,144.24130138224476
2025-03-27,145.3062506670905,146.3003256802313,143.5028544625613
2025-03-28,143.07541415059868,144.2147974323867,141.18717338849322
2025-03-31,144.20670858863153,145.404001987669,142.25963252253896
2025-04-01,144.46547280328977,145.5709124709794,142.6488082371788
2025-04-02,145.43828232739452,146.4089744129259,143.64651542861967
2025-04-03,139.6122444976826,141.15856847131667,138.01063705948178
2025-04-04,131.0762337604698,132.66893588763892,129.44498057105207
2025-04-07,130.65741061122446,132.00348992450606,129.10779906557397
2025-04-08,128.8885345747808,130.24954552653816,127.45551127424318
2025-04-09,139.22546778460082,140.04007173702075,137.71451262654915
2025-04-10,135.33085217355756,136.39457211223342,133.95221451276768
2025-04-11,137.34257042649753,138.4356376395001,135.94234914650647
2025-04-14,138.79618547578548,139.94800918654843,137.37844335948003
2025-04-15,138.77067515659695,139.81629559950073,137.41182768299166
2025-04-16,136.41700671720372,137.57680359964323,135.08471134831308
2025-04-17,136.89179329745818,138.0382933653546,135.5399021692531
2025-04-21,133.8859315432097,135.09139368893585,132.49370007421646
2025-04-22,137.1629827651405,138.2770969677713,135.7868556271371
2025-04-23,138.99891035749175,139.87047624459595,137.64601433481198
2025-04-24,141.20045591951035,141.86213271046017,139.81380887275975
2025-04-25,141.5202201830495,142.05195445513883,140.2078283303184
2025-04-28,142.04502121664405,142.56556643225642,140.74517334872337
2025-04-29,142.91210192103594,143.44749118919177,141.64603308145428
2025-04-30,143.39014408069528,144.01257046085342,142.13798613164013
2025-05-01,143.52646489146113,143.93192158008566,142.30335132839676
2025-05-02,145.94002882514263,146.19793735586924,144.58099797666426
2025-05-05,145.5884776809476,145.86031770192432,144.27385325051654
2025-05-06,144.5452178819015,144.87381256182525,143.29246912595968
2025-05-07,145.35468450906376,145.66010391163752,144.09583691200584
2025-05-08,146.00654773876118,146.13817913346858,144.56459627216236
2025-05-09,145.73617335278504,145.85249612923803,144.2713188187331
2025-05-12,149.23089328052598,149.08094726544996,147.38492395925937
2025-05-13,149.83432783787728,149.3745340158876,147.82037342614353
2025-05-14,149.43688230571192,148.8411886554008,147.37067700723372
2025-05-15,150.8922017566865,150.47760423109685,148.92678768077445
2025-05-16,152.04453008800613,151.6554902626759,150.1079516520779
2025-05-19,152.38271397035885,152.0257611286863,150.49487242163198
2025-05-20,151.9562884744503,151.62735887630734,150.09507754967956
2025-05-21,149.3648621913563,149.11169493234758,147.6184111673478
2025-05-22,148.96986131651738,148.6560700229322,147.2023175772298
2025-05-23,148.2741858592928,147.98310735124335,146.60298174862896
2025-05-27,150.83123169510537,150.3908449737658,148.99611973363218
2025-05-28,149.92381810491628,149.4243712082393,148.09378290921472
2025-05-29,150.23400529920295,149.76591512307897,148.4236748120567
2025-05-30,150.67730339383235,150.2258923516613,148.94400523433717
2025-06-02,151.26225122203445,150.7323379348875,149.4940452696195
2025-06-03,152.09105487427396,151.49542153838928,150.21587422668077
2025-06-04,151.88979001216012,151.2624560144592,149.96359779249963
2025-06-05,151.31178606039768,150.77265261699486,149.2915393935752
2025-06-06,152.49780821318234,151.9583656027963,150.41001342394742
2025-06-09,152.08192787832627,151.5099405458581,149.90274125904602
2025-06-10,152.90355291125388,152.32095001476267,150.55596785965886
2025-06-11,152.65515814724668,152.0126900363486,150.42608003688505
2025-06-12,153.14341714858932,152.60290837737327,150.88580248095568
2025-06-13,151.41729982352203,150.90002222961496,149.2639264652643
2025-06-16,152.5687693256243,151.9333539819101,150.3411090356708
2025-06-17,151.28851225396633,150.67657857350233,149.113018607889
2025-06-18,151.0712568554938,150.39939765343246,148.93024707434338
2025-06-20,150.99110464933932,150.3247690104121,148.87266997706257
2025-06-23,152.71903560729552,151.9650145097963,150.66763680135148
2025-06-24,154.3033361947628,153.45437312586603,152.1966847193873
2025-06-25,153.42269911057417,152.54961756802888,151.26934749866268
2025-06-26,154.44994767493293,153.5129963318152,152.2826248727639
2025-06-27,154.99364300189475,154.06186960287613,152.79524671041656
2025-06-30,156.2446438647592,155.2957055687428,154.10017311267984
2025-07-01,156.55920530796104,155.79881855078935,154.08040138793734
2025-07-02,156.41560099504602,155.51074103142108,153.97904733917898
2025-07-03,157.57870429592887,156.65387885909482,155.21621910428024
2025-07-07,156.5511181997814,155.65223228745765,154.30306183004922
2025-07-08,156.414830895049,155.55620443786347,153.91728110653804
2025-07-09,157.01969502213308,156.10714527870425,154.58349981079442
2025-07-10,157.0628527873952,156.11196143127054,154.58104219057157
2025-07-11,155.9913076880979,155.02510876839503,153.56040215939066
2025-07-14,156.6625925989162,155.6337687408471,154.4741123484972
2025-07-15,155.11446966260792,154.058790872558,152.99756725399845
2025-07-16,155.64008061634865,154.6277259313376,153.5324203988011
2025-07-17,156.37178889662943,155.32088511121256,154.25296179237
2025-07-18,156.20267997867964,155.15372646376474,154.09379210464252
2025-07-21,156.3939727090157,155.32113966785545,154.30686303174178
2025-07-22,156.77994878344595,155.90346375580728,154.3517952266653
2025-07-23,158.17846757726724,157.15621363093965,155.8172638340348
2025-07-24,157.71348354920735,156.7482281582931,155.352265377099
2025-07-25,158.27835621924027,157.26349513125223,156.01692750344174
2025-07-28,157.6490238215156,156.54735128869368,155.4498624381827
2025-07-29,157.52457684075085,156.4900914084178,155.3453760108834
2025-07-30,157.12059183228973,156.00618114012963,155.1131896793591
2025-07-31,156.1001243976811,154.91475073740634,154.3019324242492
2025-08-01,154.71323098199105,153.64514815428194,152.88310996733415
2025-08-04,156.77845998124846,155.6539547998541,154.97161986950675
2025-08-05,156.03567887506074,154.85631146309805,154.22947946698935
2025-08-06,157.05810482058038,155.81070192773595,155.41294423974705
2025-08-07,156.60813802749817,155.30631467498216,155.03289680141364
2025-08-08,157.7434567197559,156.36356057079414,156.15962620935534
2025-08-11,157.55723918554057,156.15217769269344,156.01753666509615
2025-08-12,159.14855425132322,157.61857292855456,157.55212532962608
2025-08-13,159.9341942729485,158.5423023471327,157.96831646743823
2025-08-14,159.79834280292008,158.3717551523892,157.82250302132286
2025-08-15,159.2908482745469,157.97289631056904,157.2804509954945
2025-08-18,159.36164255822584,158.03201503576204,157.3338563333145
2025-08-19,159.28854870379732,158.1566509676872,156.92648665151012
2025-08-20,159.23844899416565,158.16020761724752,156.9829187859825
2025-08-21,158.69951963970385,157.6540106992847,156.38656785597166
2025-08-22,160.6509134280075,159.4686064204968,158.2019688029249
2025-08-25,159.78431469084813,158.5345261696886,157.41188551368782
2025-08-26,160.36824713781138,159.00667826755003,158.17187327118214
2025-08-27,160.75370470276422,159.44877952689922,158.4253691066973
2025-08-28,161.16142842039488,159.77669679739165,158.94617250148934
2025-08-29,160.5425514235048,159.31604303381445,158.12526614173498
2025-09-02,159.74405100475485,158.55981621653635,157.3351365114
2025-09-03,159.89893337999342,158.7118607290783,157.48052937277336
2025-09-04,161.11581116635017,159.81946648082226,158.73391866891464
2025-09-05,160.82489648674965,159.52577092276238,158.42164826310784
2025-09-08,161.16122946653164,159.78730402935713,158.96954876585409
2025-09-09,161.6649175542788,160.22712326965762,159.6207642111576
2025-09-10,162.44160626467058,160.68800694840655,161.00226046298357
2025-09-11,163.92398131534947,162.29363118297584,162.1170734975766
2025-09-12,163.15808031304587,161.4611186864846,161.45649403380395
2025-09-15,163.3736404540184,161.5872356963256,161.76908464736434
2025-09-16,163.08136757579035,161.2699746972021,161.45866549220324
2025-09-17,163.4728743334654,161.72316591954342,161.7307247281608
2025-09-18,164.781311575229,162.93269357484317,162.9646060605568
2025-09-19,165.04063318980172,163.1348382348125,163.44599564234497
2025-09-22,165.44338521330445,163.50763839671782,163.87780450788
2025-09-23,165.32753473010854,163.45407274772606,163.66945536462046
2025-09-24,164.9661977786003,163.16596392337036,163.1714211190347
2025-09-25,164.1977901611673,162.40078019985546,162.36304664433302
2025-09-26,165.4800521972144,163.72874340476665,163.51257066884384
2025-09-29,165.95494819120415,164.17731904886247,164.01423019777752
2025-09-30,166.57846806606358,164.8111341947784,164.61088475728704
2025-10-01,167.29328038494168,165.48518946775766,165.10243638309043
2025-10-02,167.37084817327317,165.54220230395126,165.1520637694814
2025-10-03,167.43858476918743,165.704329778013,165.00683011362247
2025-10-06,167.4045967819855,165.6653961768406,164.972253009357
2025-10-07,166.97908922296554,165.2752489728408,164.67372507406336
2025-10-08,167.7202361426966,165.9634278290966,165.44210950914166
2025-10-09,166.94166746939726,165.13578193359405,164.84289894012574
2025-10-10,163.37029086218573,161.7965149537497,161.23995703304308
2025-10-13,165.2772081645398,163.498988421254,163.3610194628646
2025-10-14,165.70619093124364,163.98821906199558,163.61970578230572
2025-10-15,166.20623995129768,164.3691178035408,164.10999535209174
2025-10-16,164.82955663136713,162.98260342659069,162.76887106882185
2025-10-17,165.57088468737535,163.80412208673837,163.34255267719018
2025-10-20,166.96058106522415,165.16799091106395,164.62298204511356
2025-10-21,167.40961257236523,165.6306985822822,164.8936298718993
2025-10-22,166.34141937502028,164.69252041450622,163.7083173583487
2025-10-23,167.09999407572906,165.3111845314607,164.57046504135096
2025-10-24,168.23478361609244,166.3152841233246,165.7941611380366
2025-10-27,169.66143097704503,167.6636774151827,167.23280416149757
2025-10-28,169.3177025860351,167.2295262175963,166.9652919943138
2025-10-29,168.47049107261864,166.23920706472626,166.30542737764958
2025-10-30,167.24291344790313,165.24418555488793,164.76072325984762
2025-10-31,167.51597569657943,165.4685514719048,165.06147906820908
2025-11-03,167.203864203736,165.1270385707303,164.71262677086614
2025-11-04,165.4685704561161,163.641220039856,162.77050027071874
2025-11-05,166.45780821890474,164.56090743458614,163.82459165241107
2025-11-06,164.97470379673737,163.158406133383,162.32965318235867
2025-11-07,165.7394840095736,163.94122445966974,163.11779889597952
2025-11-10,167.6085769912748,165.63659046602564,165.05583500924433
2025-11-11,168.00863178266724,166.19175412716552,165.30269576428867
2025-11-12,168.58478861060826,166.78025365910293,165.869593326686
2025-11-13,166.35996567001683,164.7909468138689,163.4689576388032
2025-11-14,166.30806526347314,164.74528661081877,163.44047342592256
2025-11-17,164.47758204744773,163.02486612236387,161.55197090470404
2025-11-18,163.84919388627094,162.46122362975,160.91532276669997
2025-11-19,163.86388324896518,162.3727168721028,160.9772933647501
2025-11-20,161.28502622034097,160.009562562396,158.2348654585123
2025-11-21,163.16542813026825,161.96422587233573,159.9877117046939
2025-11-24,164.73023284377376,163.28518064406933,161.73134431771552
2025-11-25,166.60964806295107,165.17109193441908,163.55366241814843
2025-11-26,167.9742227667936,166.39160203864793,165.0222575307494
2025-11-28,169.2591908287587,167.58495902994406,166.4021176028375
2025-12-01,168.25714185756894,166.5975176871019,165.3587485070191
2025-12-02,168.74520001836942,166.97157508907267,165.9315238492876
2025-12-03,169.61668796572073,167.80480569073217,166.9172114346649
2025-12-04,169.7125237954324,167.82762331325972,166.89279208771353
2025-12-05,170.237344200448,168.29280533850394,167.455662711981
2025-12-08,169.7668217947018,167.70488734481495,167.0934580550659
2025-12-09,169.7182425264312,167.61356761557434,167.09934413503592
2025-12-10,171.29381609959458,169.03596421218884,168.96893204931376
2025-12-11,172.1222595552835,169.95450478598926,169.6884814981625
2025-12-12,170.1048591259563,168.27452199603078,167.58793247817385
2025-12-15,170.0751915941997,168.3073902996519,167.58075064974503
2025-12-16,169.2724846786981,167.43578851999862,166.7408855619156
2025-12-17,167.56449169937378,166.0302121731268,165.03989751979032
2025-12-18,168.96099273504572,167.22024996062007,166.45512605308525
2025-12-19,170.6558945628199,168.6857479539725,168.20355327115539
2025-12-22,171.8302892364583,169.823774569251,169.3822888910792
2025-12-23,171.95789560978483,169.92068631919602,169.43516185047355
2025-12-24,172.7692199150394,170.69945093119196,170.29266647223466
2025-12-26,172.73973346858352,170.69299233306373,170.2728079755109
2025-12-29,172.30834512294086,170.32869565926978,169.87589046542416
2025-12-30,171.99614800082793,170.03619195959084,169.57989002225446
2025-12-31,170.51117372303358,168.58513535014436,168.09930272368985
