date,gross_return,transaction_cost,net_return,turnover,weight_VLUE,weight_MTUM,weight_QUAL,weight_USMV
2015-02-28,0.052550954225998314,7.627382052921766e-06,0.052543326843945394,0.007627382052921766,0.2515913320972276,0.25041499694575775,0.2518073619834755,0.24618630897353908
2015-03-31,-0.010776251773682466,2.4880228508157853e-06,-0.010778739796533281,0.0024880228508157853,0.25034860039567897,0.25006264821296664,0.24875598857459208,0.25083276281676226
2015-04-30,-0.001953858022438304,6.158833758325461e-06,-0.0019600168561966294,0.00615883375832546,0.2521568174363726,0.24788823786920428,0.25092259944279016,0.249032345251633
2015-05-31,0.017066186355607638,8.145476553288927e-06,0.01705804087905435,0.008145476553288927,0.24805850470054772,0.2540727382766445,0.24954688847772155,0.2483218685450863
2015-06-30,-0.01519176213155582,5.962222059783223e-06,-0.015197724353615603,0.005962222059783223,0.2496574670836828,0.2529811110298916,0.24916946335396362,0.24819195853246198
2015-07-31,0.027526438492476046,1.1839186331761592e-05,0.027514599306144284,0.011839186331761592,0.24408040683411922,0.25253214599268353,0.2503092178057862,0.2530782293674111
2015-08-31,-0.05431504384655872,4.858987822417505e-06,-0.05431990283438114,0.004858987822417504,0.2490770728891703,0.24849343319962092,0.2500469901318048,0.2523825037794039
2015-09-30,-0.016685389621713398,7.213407119425974e-06,-0.016692603028832825,0.007213407119425974,0.24695484374593255,0.24943845269435447,0.2509463551088133,0.2526603484508997
2015-10-31,0.0731465519629555,6.2342785593238745e-06,0.07314031768439617,0.006234278559323875,0.2499772803578004,0.2500022139436951,0.25311492533596686,0.24690558036253768
2015-11-30,0.00019010109116401885,4.680869001067817e-06,0.00018542022216295104,0.004680869001067817,0.24824313277094215,0.2512842449465028,0.2510561895540311,0.24941643272852393
2015-12-31,-0.008043128490666795,9.973489830158777e-06,-0.008053101980496954,0.009973489830158777,0.24731375762810925,0.2516883001322601,0.2476994974568113,0.2532984447828192
2016-01-31,-0.04621230577358437,2.1256591500864593e-05,-0.04623356236508524,0.02125659150086459,0.23937170424956775,0.2521347691897918,0.25001592543764684,0.2584776011229937
2016-02-29,0.005447057589378135,9.057368288921009e-06,0.005438000221089214,0.009057368288921008,0.25315126952886363,0.24547131585553955,0.2501393154869787,0.2512380991286182
2016-03-31,0.05789883621730407,2.280849965373921e-06,0.057896555367338697,0.002280849965373921,0.2505284501109294,0.24885957501731304,0.25027686297489815,0.2503351118968594
2016-04-30,-0.0015996472106615256,4.556113791185368e-06,-0.001604203324452711,0.004556113791185368,0.2522780568955927,0.24882488608408904,0.24940842151921486,0.24948863550110342
2016-05-31,0.016425179900719344,3.97422896734434e-06,0.016421205671752,0.00397422896734434,0.2495812394148631,0.2519871144836721,0.24859425753093622,0.24983738857052845
2016-06-30,0.01679524028560353,2.00662926913327e-05,0.016775173992912198,0.0200662926913327,0.2429063309597336,0.25312666215834034,0.24706052269460002,0.256906484187326
2016-07-31,0.02931832279491764,8.300830182859181e-06,0.02931002196473478,0.008300830182859181,0.2538743852889456,0.24939622725897223,0.250276029802484,0.2464533576495982
2016-08-31,-0.006080433300398536,1.1255124469488925e-05,-0.006091688424868025,0.011255124469488925,0.2546529924164121,0.24777813477104244,0.2509745698183324,0.24659430299421312
2016-09-30,0.0009866195114600629,4.729608788216239e-06,0.0009818899026718467,0.0047296087882162385,0.2513796979207352,0.25098510647337297,0.2494984395176563,0.24813675608823565
2016-10-31,-0.019824600448498764,4.240626236943851e-06,-0.019828841074735707,0.004240626236943851,0.252008840351501,0.2501114727669709,0.2498411377576722,0.24803854912385584
2016-11-30,0.025283474885537505,2.4572124977789546e-05,0.025258902760559716,0.024572124977789545,0.2611113775117088,0.24238881879846252,0.251174684977186,0.24532511871264273
2016-12-31,0.019005676172045183,3.951687563740008e-06,0.019001724484481442,0.003951687563740008,0.2504377859307793,0.24802415621812998,0.2502321543207821,0.25130590353030857
2017-01-31,0.017092004579070785,7.085816523758088e-06,0.017084918762547027,0.007085816523758087,0.2489154670497782,0.2535429082618791,0.24864452627013522,0.24889709841820756
2017-02-28,0.04400653951288391,2.8981721076003776e-06,0.04400364134077631,0.0028981721076003775,0.2504110612498256,0.24855091394619974,0.2506984841495649,0.2503395406544096
2017-03-31,0.0025727118740686006,8.952535830372477e-06,0.0025637593382382283,0.008952535830372477,0.24661222482672582,0.2544762679151863,0.24924632574589264,0.24966518151219536
2017-04-30,0.012045058271345166,7.767126180121292e-06,0.012037291145165045,0.007767126180121292,0.24756507253728444,0.2533906766087433,0.24855136437265488,0.2504928864813173
2017-05-31,0.02033771852999533,1.3385214100246124e-05,0.020324333315895084,0.013385214100246123,0.24471604364732227,0.25669260705012303,0.24866298081329766,0.24992836848925698
2017-06-30,0.004348183765488622,4.374814503548513e-06,0.004343808950985074,0.004374814503548513,0.25186369868308434,0.2497773838065376,0.25032370856868996,0.24803520894168818
2017-07-31,0.0212645923207746,6.608085623893479e-06,0.021257984235150705,0.006608085623893478,0.2496524286193082,0.2533040428119467,0.24729610336540583,0.24974742520333917
2017-08-31,0.007270149279316573,3.846631724116478e-06,0.007266302647592457,0.0038466317241164782,0.24872485432577185,0.251838381236247,0.24935182981216986,0.25008493462581116
2017-09-30,0.023633934850392446,9.020610795232336e-06,0.023624914239597214,0.009020610795232337,0.25271815663780545,0.2510880390750441,0.25070410968476653,0.24548969460238376
2017-10-31,0.03128432659537572,9.256333287529339e-06,0.03127507026208819,0.00925633328752934,0.24874940115371313,0.2546281666437647,0.2494869550808281,0.24713547712169412
2017-11-30,0.03409134353369159,4.562124865608613e-06,0.03408678140882598,0.004562124865608613,0.25181368656742675,0.2485177403896135,0.2504673758653775,0.24920119717758213
2017-12-31,0.00831351623519927,6.452439113767361e-06,0.008307063796085503,0.006452439113767361,0.2521929819729584,0.24824258524575185,0.25103323758392526,0.24853119519736447
2018-01-31,0.05161388075963158,1.4555056649519587e-05,0.05159932570298206,0.014555056649519588,0.24810664828033097,0.25727752832475975,0.24859832736065243,0.24601749603425677
2018-02-28,-0.02978762561019055,8.194595388725718e-06,-0.029795820205579273,0.008194595388725717,0.24917199177563584,0.2539122899310448,0.2501850077633181,0.24673071053000134
2018-03-31,-0.018208482670658555,1.0605681614740931e-05,-0.018219088352273295,0.01060568161474093,0.24885267644704082,0.24584448274558868,0.2513343693596588,0.2539684714477116
2018-04-30,-0.0005081834426921006,6.2778329458872406e-06,-0.0005144612756379878,0.006277832945887241,0.2511031976184896,0.25137880097386156,0.24686108352705638,0.25065691788059247
2018-05-31,0.022803868330676824,7.733338980691812e-06,0.022796134991696134,0.007733338980691812,0.2492648035807625,0.252853024994765,0.2510136444955809,0.24686852692889155
2018-06-30,0.0013887495591888843,7.77348580865117e-06,0.0013809760733802332,0.0077734858086511704,0.24699307769095313,0.24947478485098676,0.24964539455373455,0.2538867429043256
2018-07-31,0.03044933113975068,6.23801696161283e-06,0.030443093122789068,0.00623801696161283,0.25089456035192104,0.24688099151919354,0.2516251648829887,0.25059928324589664
2018-08-31,0.040660956894700284,8.655615146272056e-06,0.040652301279554014,0.008655615146272055,0.2488929128483761,0.254327807573136,0.24919728703563118,0.24758199254285665
2018-09-30,0.007585682713090236,4.735553810341908e-06,0.007580947159279894,0.004735553810341908,0.24763222309482896,0.25039722602885955,0.2507668577146338,0.2512036931616775
2018-10-31,-0.06845906225978715,2.004335606863461e-05,-0.06847910561585578,0.02004335606863461,0.2525177388844828,0.24191867335651773,0.24805964860916502,0.25750393914983455
2018-11-30,0.012450293109101729,1.0672324328794975e-05,0.012439620784772934,0.010672324328794974,0.24546189525601886,0.25042460993965016,0.2492019425795837,0.2549115522247474
2018-12-31,-0.08431485622764945,1.4526919482997558e-05,-0.08432938314713245,0.014526919482997558,0.24284462850815564,0.25250362775327023,0.24989191175034553,0.2547598319882285
2019-01-31,0.07547296390697977,1.3903669246763256e-05,0.07545906023773301,0.013903669246763256,0.25532659805636776,0.24746122389998806,0.25162523656701385,0.2455869414766303
2019-02-28,0.03368325556529017,7.129488932486716e-06,0.033676126076357685,0.007129488932486716,0.24643525553375667,0.2500589485804702,0.252390489484979,0.2511153064007942
2019-03-31,0.016028313464718336,1.2573321713972407e-05,0.016015740143004362,0.012573321713972407,0.2437133391430138,0.2512654218050596,0.25228779686873215,0.25273344218319443
2019-04-30,0.029112814312139967,6.755343782135021e-06,0.029106058968357832,0.00675534378213502,0.25123219596765595,0.2484064398292436,0.25214547592341163,0.24821588827968896
2019-05-31,-0.04998890621658436,3.2559801913979445e-05,-0.05002146601849834,0.03255980191397945,0.2378875416816363,0.25737374104891236,0.24583255736137397,0.25890615990807736
2019-06-30,0.06936785614455387,1.2948022902322832e-05,0.06935490812165156,0.012948022902322831,0.2561555967234111,0.2480923938143184,0.25031841472775035,0.2454335947345202
2019-07-31,0.01610802433022318,1.1952962910484755e-06,0.01610682903393213,0.0011952962910484755,0.24997631228221454,0.25045550977655345,0.2494260395722612,0.25014213836897076
2019-08-31,-0.011106630047972743,2.0628005101096665e-05,-0.01112725805307384,0.020628005101096664,0.24137647129263223,0.2534779522210326,0.24830952615681942,0.25683605032951573
2019-09-30,0.016379501830695586,1.687655055739254e-05,0.016362625280138193,0.01687655055739254,0.2579129077389869,0.24317105936713623,0.2505253675397094,0.2483906653541675
2019-10-31,0.01364894902622793,1.1434303191531715e-05,0.013637514723036398,0.011434303191531714,0.25363830670560666,0.24822624355628004,0.25207884489015925,0.24605660484795416
2019-11-30,0.03209668108765551,8.8070963302056e-06,0.0320878739913253,0.0088070963302056,0.2511827797695298,0.2501973045393886,0.2530234638561844,0.2455964518348972
2019-12-31,0.023930366439167905,6.4273967789897635e-06,0.023923939042388914,0.0064273967789897635,0.2521322668085948,0.2482994907003433,0.25108143158090007,0.2484868109101618
2020-01-31,0.004073955435748067,2.6272865650107502e-05,0.00404768257009796,0.026272865650107502,0.2395789507416673,0.25830574473949364,0.24728461643327893,0.2548306880855601
2020-02-29,-0.08474759018366673,7.81052411582797e-06,-0.08475540070778256,0.0078105241158279715,0.24682720157440027,0.25352126324006874,0.25038399881784523,0.24926753636768573
2020-03-31,-0.13136211424752864,2.98406460676168e-05,-0.13139195489359626,0.0298406460676168,0.23507967696619161,0.2546128511404167,0.25502580199020636,0.25528166990318535
2020-04-30,0.1110690267358807,7.946340215843812e-06,0.11106108039566485,0.007946340215843811,0.2499380806780475,0.25133840357169185,0.25263476653623007,0.24608874921403062
2020-05-31,0.048148777680581345,8.847669435404354e-06,0.04813993001114594,0.008847669435404354,0.24676387072351869,0.2525130392659416,0.2519107954517606,0.24881229455877915
2020-06-30,0.009456268780142274,1.6735592190218613e-05,0.009439533187952055,0.016735592190218612,0.248603360171996,0.25836779609510935,0.24812229227417162,0.24490655145872312
2020-07-31,0.043968628140963695,1.6022573897503833e-05,0.04395260556706619,0.016022573897503833,0.24198871305124808,0.25627035026978534,0.2513294713955738,0.25041146528339275
2020-08-31,0.05729971329203987,2.3096829875522306e-05,0.057276616462164344,0.023096829875522307,0.2455481410520472,0.2588669119985327,0.25268150293922853,0.2429034440101917
2020-09-30,-0.026772955614121963,8.214449805091451e-06,-0.026781170063927055,0.00821444980509145,0.25150722901778894,0.24710970366302518,0.24878307143442915,0.25259999588475684
2020-10-31,-0.027744518145635055,9.694466778167904e-06,-0.027754212612413225,0.009694466778167904,0.2543807567466437,0.24637064607237294,0.25046647664244026,0.2487821205385431
2020-11-30,0.1160981518458768,2.15801718876667e-05,0.11607657167398913,0.0215801718876667,0.2607900859438334,0.24780097518737437,0.24928689343122784,0.2421220454375645
2020-12-31,0.030877373801970087,4.692281613734001e-06,0.030872681520356354,0.004692281613734001,0.24954523169274204,0.2508470935034624,0.2514990473034045,0.24810862750039087
2021-01-31,-0.001651974383308441,2.6173610696721804e-05,-0.0016781479940051627,0.026173610696721805,0.2586829976217393,0.2544038077266216,0.2433242302873465,0.24358896436429256
2021-02-28,0.022845550751036114,2.7050092164600886e-05,0.022818500658871515,0.027050092164600886,0.26129500702971875,0.24298417901637934,0.2522300390525816,0.24349077490132015
2021-03-31,0.04160870757688606,2.5704878765569565e-05,0.04158300269812049,0.025704878765569567,0.257413012573516,0.2371475606172153,0.2519652313610012,0.25347419544826766
2021-04-30,0.044062025905884594,1.45926613859792e-05,0.04404743324449861,0.0145926613859792,0.24370269509849204,0.2563444251785209,0.25095190551446867,0.24900097420851833
2021-05-31,0.009194038930626647,1.000811597805576e-05,0.009184030814648591,0.01000811597805576,0.2547778169267304,0.24510439601207723,0.25022624106229757,0.249891545998895
2021-06-30,0.0133632863457247,1.4464146364823016e-05,0.013348822199359877,0.014464146364823016,0.24276792681758846,0.2512907176575946,0.255004087450345,0.2509372680744719
2021-07-31,0.017881662040793556,1.644892739018461e-05,0.01786521311340337,0.01644892739018461,0.24390155344701195,0.24787398285789577,0.2539078821547451,0.25431658154034725
2021-08-31,0.02398556312575595,1.0518477499716545e-05,0.02397504464825623,0.010518477499716544,0.24601613728569183,0.25420107046187496,0.2510581682879833,0.24872462396444986
2021-09-30,-0.04607671329598373,1.167049774208609e-05,-0.04608838379372582,0.011670497742086089,0.2528464328792748,0.25298881599176826,0.24515893285186247,0.24900581827709448
2021-10-31,0.06073320014956396,1.9579998970362943e-05,0.060713620150593596,0.019579998970362944,0.24153724850437738,0.25592600493000595,0.2538639945551755,0.24867275201044112
2021-11-30,-0.018887643849612945,1.1322759699855163e-05,-0.0188989666093128,0.011322759699855162,0.25239303133320845,0.24475022421430415,0.2532683485167191,0.24958839593576823
2021-12-31,0.0442540497761339,2.791780718730341e-05,0.04422613196894659,0.02791780718730341,0.25817130250402004,0.23824668707346802,0.24779440933288033,0.2557876010896317
2022-01-31,-0.059848151219004886,2.1346433535596483e-05,-0.05986949765254048,0.021346433535596482,0.2606675962271305,0.2418999629920673,0.24742682024013452,0.25000562054066783
2022-02-28,-0.029998684997163627,6.024485602813906e-06,-0.030004709482766442,0.006024485602813906,0.2521835894998035,0.2508286533016034,0.24715141678037472,0.2498363404182183
2022-03-31,0.0364994901657949,1.6222349472936604e-05,0.03648326781632196,0.016222349472936604,0.24188882526353173,0.25270925882421136,0.25074407708767943,0.25465783882457754
2022-04-30,-0.08012112621624445,2.6850149369301442e-05,-0.08014797636561376,0.02685014936930144,0.25615510125310637,0.23730838922439534,0.24926653609095398,0.2572699734315444
2022-05-31,0.007945328194320922,1.543594529446632e-05,0.007929892249026455,0.015435945294466319,0.2577179726472332,0.24654384629389023,0.2476075337180198,0.24813064734085682
2022-06-30,-0.07644184013826594,2.580541078931503e-05,-0.07646764554905525,0.02580541078931503,0.2409009539313429,0.2533950376058234,0.24619634067399962,0.25950766778883416
2022-07-31,0.06340491177259033,1.3490657204214135e-05,0.06339142111538612,0.013490657204214135,0.2488587597726083,0.24724766652815372,0.2567453286021071,0.24714824509713093
2022-08-31,-0.03464636109411223,9.21116572676775e-06,-0.034655572259839,0.00921116572676775,0.24972926088546646,0.2538081700110431,0.2456651562511497,0.2507974128523408
2022-09-30,-0.08347549132884158,1.9996831465867114e-05,-0.08349548816030744,0.019996831465867115,0.24384677802453744,0.25652629915903635,0.24615480624252903,0.25347211657389723
2022-10-31,0.10409215728423526,2.1849318324465905e-05,0.1040703079659108,0.021849318324465905,0.2560825364890482,0.25484212267318473,0.24520877830001123,0.24386656253775582
2022-11-30,0.05657981183456284,1.0364246042465081e-05,0.05656944758852038,0.01036424604246508,0.250183584182807,0.24481787697876736,0.2548587247589344,0.25013981407949104
2022-12-31,-0.048710312214611085,1.0842416279049833e-05,-0.048721154630890134,0.010842416279049832,0.24655469782226913,0.25248089320515255,0.24802409403820594,0.25294031493437236
2023-01-31,0.03826209824584703,3.2144996279232814e-05,0.0382299532495678,0.03214499627923281,0.2580653494038967,0.23946699062153345,0.2580071487357197,0.24446051123885015
2023-02-28,-0.03582612768949378,4.752035282229894e-06,-0.03583087972477601,0.004752035282229894,0.24880417477530337,0.2488198075835817,0.2521546780347988,0.25022133960631615
2023-03-31,0.02086134739285317,1.9956833473728287e-05,0.02084139055937944,0.019956833473728286,0.24407020154279357,0.24595138172034225,0.2566473954857799,0.2533310212510842
2023-04-30,0.011244073316812653,1.0953026498723512e-05,0.01123312029031393,0.010953026498723512,0.24452348675063815,0.25314117040744827,0.25144454683307865,0.25089079600883474
2023-05-31,-0.02749329808490686,1.7842854094417217e-05,-0.027511140939001276,0.017842854094417215,0.2476359600822912,0.24466295488565884,0.2589214270472086,0.24877965798484136
2023-06-30,0.06183609265311718,8.158234454891278e-06,0.061827934418662286,0.008158234454891278,0.25187017167390363,0.251630980367571,0.2505779651859711,0.24592088277255442
2023-07-31,0.02657993023258509,1.0701373692610704e-05,0.02656922885889248,0.010701373692610705,0.25261480052779484,0.2477476301525885,0.2527358863185105,0.24690168300110615
2023-08-31,-0.009187350285933427,1.0042662162918187e-05,-0.009197392948096345,0.010042662162918187,0.2449786689185409,0.2530918531175793,0.2512185003307191,0.2507109776331607
2023-09-30,-0.039905554987455294,9.924674449211024e-06,-0.03991547966190451,0.009924674449211024,0.2519449106493099,0.24784334347525053,0.24719431930014393,0.2530174265752956
2023-10-31,-0.018948655144742865,8.713416991927903e-06,-0.018957368561734793,0.008713416991927903,0.24564329150403608,0.2506879167899546,0.25105816540833914,0.2526106262976702
2023-11-30,0.08130022785877422,7.948111401239217e-06,0.08129227974737298,0.007948111401239216,0.25023874224780507,0.25253518925406127,0.25120012419875326,0.24602594429938038
2023-12-31,0.049469151724053084,1.2523773605043615e-05,0.04945662795044804,0.012523773605043614,0.25626188680252177,0.2495452286456874,0.2493856768198404,0.24480720773195036
2024-01-31,0.022956887866101283,1.6070175953191796e-05,0.02294081769014809,0.016070175953191795,0.24231192729426537,0.2580350879765959,0.24997028910631391,0.24968269562282483
2024-02-29,0.0527815170034005,2.820635302208893e-05,0.052753310650378415,0.02820635302208893,0.24345609725627834,0.2612056879944956,0.25289748851654886,0.2424407262326772
2024-03-31,0.03709113995499269,1.1120829893960293e-05,0.03708001912509873,0.011120829893960293,0.2555604149469801,0.24807400059771784,0.2477434103079484,0.2486221741473536
2024-04-30,-0.05125600865881064,1.0591873523603107e-05,-0.05126660053233424,0.010591873523603107,0.2456002321235957,0.24910383111460277,0.25165770018713957,0.253638236574662
2024-05-31,0.042508421686872744,1.1752170620214053e-05,0.04249666951625253,0.011752170620214053,0.247312788172526,0.2526556218066476,0.25322046350345945,0.24681112651736697
2024-06-30,0.02373515114086766,1.4812824779438128e-05,0.023720338316088222,0.014812824779438127,0.2440703818373557,0.2552908789699903,0.2521155334197288,0.2485232057729253
2024-07-31,0.015640701165969384,2.231177730848924e-05,0.015618389388660895,0.02231177730848924,0.25597604919933126,0.24122376680697047,0.24762034453878495,0.2551798394549134
2024-08-31,0.03042597021630189,1.2779322439631424e-05,0.030413190893862258,0.012779322439631424,0.24361033878018434,0.2507489634969637,0.2510923753866096,0.25454832233624247
2024-09-30,0.015698750646615744,7.585906967219253e-06,0.015691164739648527,0.0075859069672192525,0.25038598058097544,0.25340697290263414,0.24899536549827728,0.24721168101811306
2024-10-31,-0.011316918669243337,4.850262543883183e-06,-0.01132176893178722,0.0048502625438831826,0.24956867564371152,0.2524251312719416,0.2488000045206776,0.2492061885636693
2024-11-30,0.05880977419545186,7.871865944119206e-06,0.05880190232950774,0.007871865944119205,0.25136221900265254,0.25257371396940714,0.2479854405562227,0.24807862647171777
2024-12-31,-0.05137455779371858,1.3541789044059921e-05,-0.051388099582762636,0.013541789044059921,0.24460633802881263,0.2527295029148977,0.25404139160713224,0.2486227674491574
2025-01-31,0.04145387308210102,8.482641780790918e-06,0.04144539044032023,0.008482641780790917,0.2500274067100348,0.2542139141803607,0.24716639968673007,0.24859227942287454
2025-02-28,0.006520622280202115,1.2914799240921731e-05,0.006507707480961193,0.012914799240921732,0.2509997098748499,0.24758693327543765,0.24595566710410144,0.25545768974561095
2025-03-31,-0.0424003484723684,2.3036566721565344e-05,-0.04242338503908996,0.023036566721565344,0.25205669653375523,0.24221218241950515,0.24626953421971215,0.2594615868270274
2025-04-30,-0.0055244007474042345,2.1432994807297378e-05,-0.005545833742211532,0.02143299480729738,0.24174809316663926,0.26071649740364866,0.2491527608809739,0.24838264854873812
2025-05-31,0.050899253746178985,2.5510637028434314e-05,0.05087374310915055,0.025510637028434313,0.24816701377025172,0.26275531851421724,0.248692581478201,0.2403850862373302
2025-06-30,0.0368747398250302,1.5236174718110757e-05,0.03685950365031209,0.015236174718110757,0.2568531068571243,0.250764980501931,0.24949581898994982,0.24288609365099476
2025-07-31,-0.0011431587840331492,6.72427175102383e-06,-0.001149883055784173,0.00672427175102383,0.24971129614731385,0.2512963205528863,0.2520658153226256,0.24692656797717424
2025-08-31,0.028436409505367743,1.5143133846462682e-05,0.02842126637152128,0.01514313384646268,0.2575715669232313,0.24554563292943818,0.24946435188675253,0.2474184482605779
2025-09-30,0.037600532045376056,1.4483362461076844e-05,0.03758604868291498,0.014483362461076843,0.2531239320332642,0.2541177491972742,0.2486267485898381,0.24413157017962347
2025-10-31,0.0057050877477766715,2.0238068105329134e-05,0.005684849679671342,0.020238068105329132,0.2592367401088795,0.2464202404610245,0.25088229394378514,0.24346072548631098
2025-11-30,0.010380779333232448,1.3514808801772999e-05,0.010367264524430675,0.013514808801772998,0.2536167936577963,0.24356747299671366,0.24967512260239985,0.2531406107430902
2025-12-31,0.007393064906370483,1.0724164526336456e-05,0.007382340741844147,0.010724164526336455,0.2553620822631682,0.24889730949616143,0.2496055567314581,0.24613505150921222
